gram,counts
covid 19,163093
19 vaccine,9239
donald trump,8525
19 cases,7261
trump jr,7261
tests positive,6807
positive covid,5874
19 pandemic,5587
positive coronavirus,5200
tested positive,4921
coronavirus covid19,4149
coronavirus cases,3880
covid19 coronavirus,3747
jr tests,3637
emergency use,3517
new cases,3295
coronavirus pandemic,3120
coronavirus vaccine,3103
new covid,2895
wear mask,2651
100 000,2456
pfizer biontech,2403
covid19 pandemic,2315
stay home,2300
white house,2206
public health,2200
11 2020,2152
19 deaths,2043
rick scott,2011
