gram,counts
covid 19,149288
19 cases,5646
19 pandemic,5109
coronavirus covid19,4420
coronavirus pandemic,4413
coronavirus cases,4057
covid19 coronavirus,3812
new cases,3677
200 000,3246
19 vaccine,3171
coronavirus vaccine,3084
second wave,2672
positive covid,2455
donald trump,2360
protokol kesehatan,2344
covid19 pandemic,2186
white house,2170
new covid,2161
19 testing,2109
nuevos casos,2077
casos covid,2072
public health,2040
due covid,1977
coronavirus covid,1959
tested positive,1746
19 deaths,1700
new coronavirus,1640
covid19 cases,1615
joe biden,1608
