gram,counts
covid 19,164569
19 vaccine,25683
coronavirus vaccine,6287
300 000,5678
covid19 vaccine,5096
new york,4973
19 vaccines,4625
19 pandemic,4315
first covid,4060
19 cases,3994
new variant,3761
coronavirus covid19,3507
white house,3294
receive covid,3100
covid19 coronavirus,3035
new cases,3010
health care,2914
new covid,2913
coronavirus pandemic,2909
pfizer covid,2861
pfizer biontech,2686
among first,2591
variant coronavirus,2372
positive covid,2282
covid19 pandemic,2183
critical care,2156
care nurse,2087
first receive,2000
vaccine us,1977
