gram,counts
covid 19,111386
19 vaccine,5955
relief bill,5171
19 relief,4246
19 cases,3207
19 pandemic,2774
new covid,2595
coronavirus relief,2469
trump signs,2456
coronavirus covid19,2388
coronavirus pandemic,2351
coronavirus vaccine,2106
covid19 coronavirus,2076
vacuna covid,2016
new cases,1942
new coronavirus,1938
coronavirus cases,1877
19 variant,1867
donald trump,1824
19 vaccines,1535
unemployment benefits,1449
president trump,1425
nueva cepa,1392
covid19 vaccine,1369
000 americans,1362
10 million,1290
96 años,1287
casos covid,1279
super gonorrhea,1258
