gram,counts
covid 19,155128
white house,10044
donald trump,5974
19 pandemic,5390
19 cases,5225
coronavirus cases,4527
coronavirus pandemic,4070
positive covid,3798
president trump,3673
coronavirus covid19,3588
covid19 coronavirus,3241
tested positive,3234
new cases,3077
gold star,3064
mike pence,2978
task force,2787
trump covid,2712
star families,2631
trump says,2615
new covid,2503
positive coronavirus,2342
19 vaccine,2329
presidential debate,2272
public health,2224
covid19 pandemic,2142
wear mask,2087
new england,2004
due covid,1943
england journal,1913
