gram,counts
covid 19 pandemic,9524
covid 19 cases,4708
coronavirus task force,4493
href rel nofollow,4478
true href rel,4389
covid 19 crisis,4114
rel nofollow twitter,3645
covid 19 patients,3287
coronavirus covid 19,3208
due covid 19,2983
covid 19 via,2876
covid 19 deaths,2612
nofollow twitter web,2597
covid 19 response,2299
twitter web app,2217
positive covid 19,2125
casos covid 19,1980
covid 19 lockdown,1968
amid covid 19,1940
covid 19 death,1924
new covid 19,1920
covid 19 testing,1809
covid 19 outbreak,1638
fight covid 19,1632
spread covid 19,1628
bbc news coronavirus,1581
verge making significant,1563
behind covid 19,1494
covid 19 vaccine,1485
