gram,counts
covid 19 pandemic,5903
href rel nofollow,3550
true href rel,3461
covid 19 crisis,3061
rel nofollow twitter,2969
coronavirus covid 19,2852
covid 19 cases,2761
moved intensive care,2673
boris johnson moved,2651
covid 19 patients,2600
johnson moved intensive,2378
positive covid 19,2357
due covid 19,2059
bbc news coronavirus,2040
nofollow twitter web,1993
coronavirus boris johnson,1893
prime minister boris,1866
fight covid 19,1861
minister boris johnson,1850
covid 19 via,1778
twitter web app,1739
covid 19 outbreak,1688
tests positive coronavirus,1621
amid covid 19,1601
covid 19 coronavirus,1330
zoo tests positive,1222
tiger bronx zoo,1203
coronavirus task force,1169
covid 19 lockdown,1150
