gram,counts
covid 19,161274
19 vaccine,19285
pfizer biontech,12529
coronavirus vaccine,8918
next week,7819
biontech covid,6521
covid19 vaccine,5269
19 pandemic,5163
approves pfizer,5150
uk approves,4765
19 cases,4642
reino unido,4584
coronavirus covid19,3656
19 vaccines,3455
first country,3269
covid19 coronavirus,3056
coronavirus pandemic,2837
new cases,2837
vaccinations next,2780
pfizer coronavirus,2772
could begin,2695
begin vaccinations,2613
emergency use,2546
positive covid,2516
new covid,2458
vacuna pfizer,2400
vaccine could,2396
coronavirus cases,2339
pfizer covid,2312
