gram,counts
covid 19,159306
19 cases,10206
coronavirus cases,9665
new cases,6919
new york,5459
coronavirus covid19,4952
coronavirus pandemic,4833
single day,4651
tested positive,4585
19 pandemic,4340
positive covid,4318
new coronavirus,4179
new covid,4036
covid19 coronavirus,3972
white house,3922
wear mask,3840
positive coronavirus,3807
15 300,3544
coronavirus deaths,3418
first time,3375
test positive,3374
disney world,3267
dr fauci,3136
amitabh bachchan,3092
15 000,3059
donald trump,2841
nuevos casos,2829
social distancing,2807
casos covid,2753
