gram,counts
copy officials last,8193
officials last delivered,8193
deliver copy officials,8193
usps deliver copy,8150
support usps deliver,8136
signing support usps,8135
covid 19 pandemic,4690
covid 19 semuapedulicovid19,4272
covid 19 cases,3748
rantai covid 19,3483
href rel nofollow,3068
true href rel,3013
coronavirus covid 19,2830
rel nofollow twitter,2657
covid 19 patients,2339
new york times,2215
covid 19 crisis,2210
sosialisasikan physical distancing,2017
mata rantai covid,1994
anak anak ini,1853
covid 19 deaths,1787
demi terputusnya mata,1780
tim brooke taylor,1780
terputusnya mata rantai,1780
distancing demi terputusnya,1779
physical distancing demi,1779
andil sosialisasikan physical,1777
ikut andil sosialisasikan,1776
anak ini ikut,1775
