gram,counts
covid 19 siagalawancovid19,21262
penyebaran covid 19,17676
salah satu cara,12765
turut andil dalam,12760
membantu memerangi covid,12457
dalam membantu memerangi,12439
cara masyarakat turut,12435
satu cara masyarakat,12434
memerangi covid 19,12365
andil dalam membantu,12343
masyarakat turut andil,12342
adalah salah satu,12278
himbauan pemerintah adalah,12273
pemerintah adalah salah,12272
mematuhi himbauan pemerintah,11217
covid 19 dengan,8682
mencegah penyebaran covid,8333
19 dengan tetap,8253
tetap dirumah saja,8106
stay safe stay,8090
dengan tetap dirumah,8061
safe stay home,8008
dirumah saja dan,7957
saja dan menunda,7952
dan menunda mudik,7952
berpartisipasi mencegah penyebaran,7838
covid 19 pandemic,7836
menunda mudik stay,7803
mudik stay safe,7803
