gram,counts
covid 19,124853
football covid19,10393
porn usa,10389
usa football,10389
died covid,5957
coronavirus cases,5353
19 cases,5008
americans died,4887
19 numbers,4635
19 alone,4619
cdc quietly,4529
210 americans,4405
quietly updated,4355
serious illnesses,4329
updated covid,4298
alone rest,4298
week cdc,4201
numbers 210,4175
coronavirus covid19,4012
rest different,3996
different serious,3988
report week,3884
shock report,3860
19 deaths,3782
new cases,3174
19 pandemic,3054
via gatewaypundit,2791
coronavirus pandemic,2723
covid19 coronavirus,2678
