gram,counts
covid 19,138437
19 cases,6332
coronavirus cases,6231
coronavirus covid19,4854
coronavirus pandemic,4090
new cases,4029
covid19 coronavirus,3873
19 pandemic,3831
social distancing,3265
new york,2937
nuevos casos,2635
wear mask,2598
casos covid,2455
positive covid,2384
07 2020,2377
tested positive,2359
new coronavirus,2146
जल वस,2092
get well,2079
ईश वर,2074
well soon,2071
casos coronavirus,2018
positive coronavirus,1979
new covid,1938
dr fauci,1915
covid19 cases,1887
tests positive,1873
public health,1856
19 patients,1830
