gram,counts
covid 19,196265
coronavirus cases,10550
19 cases,10002
coronavirus covid19,7539
coronavirus pandemic,7498
19 pandemic,7467
new cases,5431
wear mask,5388
covid19 coronavirus,5247
500 000,3662
covid19 pandemic,3583
due covid,3535
social distancing,3450
covid19 cases,3304
casos covid,3231
nuevos casos,3061
tested positive,2924
19 vaccine,2860
new coronavirus,2849
new covid,2840
positive covid,2769
death toll,2705
new york,2682
casos coronavirus,2672
coronavirus covid,2574
19 crisis,2565
19 patients,2545
wear masks,2431
public health,2370
