gram,counts
covid 19,115313
19 cases,10091
coronavirus cases,7838
boris johnson,5219
30 000,5210
trump rallies,4639
coronavirus covid19,3645
covid19 coronavirus,3631
new cases,3499
000 covid,3475
100 000,3294
donald trump,3073
19 deaths,3067
19 pandemic,3057
new covid,2722
acil şifalar,2717
700 deaths,2700
pozitif çıkan,2570
geçmiş olsun,2563
coronavirus pandemic,2497
testi pozitif,2296
new coronavirus,2122
campaign rallies,2108
19 testi,2100
çişleri bakanımız,2066
000 new,2042
18 trump,1977
covid19 cases,1914
rallies led,1912
