gram,counts
covid 19 pandemic,8934
covid 19 cases,5336
href rel nofollow,4196
true href rel,4131
rel nofollow twitter,3493
covid 19 crisis,3324
coronavirus covid 19,3048
due covid 19,2857
covid 19 patients,2715
covid 19 deaths,2519
nofollow twitter web,2514
casos covid 19,2376
obamagate obamagate obamagate,2328
twitter web app,2130
new covid 19,2070
positive covid 19,1991
covid 19 testing,1987
towards cashless society,1932
covid 19 via,1851
covid 19 lockdown,1826
covid 19 outbreak,1718
covid 19 response,1691
new coronavirus cases,1601
bbc news coronavirus,1591
amid covid 19,1552
trumpvirus trumpvirus trumpvirus,1463
da covid 19,1454
fight covid 19,1434
covid 19 di,1432
