gram,counts
covid 19,190989
coronavirus cases,12945
19 cases,11629
coronavirus pandemic,7008
new cases,6852
19 pandemic,6794
coronavirus covid19,6396
wear mask,5247
covid19 coronavirus,5158
new coronavirus,4380
social distancing,3916
task force,3907
covid19 pandemic,3847
new covid,3666
covid19 cases,3658
positive covid,3464
casos covid,3270
white house,3142
19 deaths,3104
single day,3014
nuevos casos,2972
new york,2948
tested positive,2843
due covid,2746
united states,2631
wearing mask,2621
public health,2585
casos coronavirus,2568
stay home,2436
