gram,counts
covid 19,142444
19 pandemic,5967
19 cases,4949
coronavirus pandemic,4235
coronavirus covid19,3920
19 vaccine,3824
coronavirus vaccine,3207
coronavirus cases,3198
covid19 coronavirus,3106
new cases,3080
chinese virologist,2392
bill gates,2239
covid19 pandemic,2221
nuevos casos,2075
200 000,2064
donald trump,2011
via youtube,2001
due covid,1991
positive covid,1911
new covid,1878
public health,1672
tested positive,1651
19 restrictions,1560
casos covid,1516
19 test,1493
casos coronavirus,1444
wuhan lab,1427
19 testing,1423
new coronavirus,1423
