gram,counts
covid 19,149370
19 cases,5208
19 pandemic,5105
donald trump,4460
19 vaccine,4411
coronavirus covid19,4140
coronavirus pandemic,3843
coronavirus cases,3842
white house,3803
covid19 coronavirus,3731
amp johnson,3682
johnson amp,3663
new cases,3158
28 days,3047
positive covid,3019
tested positive,2797
unexplained illness,2598
new covid,2350
president trump,2294
covid19 pandemic,2274
boris johnson,2269
tested negative,2157
due covid,2104
herd immunity,2072
new coronavirus,2026
nuevos casos,1986
casos covid,1939
wear mask,1929
vaccine trial,1842
