gram,counts
covid 19,111615
rudy giuliani,9840
get well,8189
well soon,7746
19 vaccine,7479
tested positive,5315
positive coronavirus,4691
positive covid,4558
tests positive,3897
trump says,3835
19 cases,3777
coronavirus vaccine,3021
giuliani tests,2987
19 pandemic,2983
coronavirus covid19,2967
giuliani tested,2813
covid19 coronavirus,2639
coronavirus trump,2538
realdonaldtrump rudygiuliani,2531
coronavirus cases,2359
new cases,2337
wear mask,2171
coronavirus pandemic,2032
new covid,2004
vaksin covid,1942
donald trump,1878
19 vaccines,1650
covid19 vaccine,1638
new coronavirus,1537
