gram,counts
covid 19,146275
coronavirus cases,7629
19 cases,7160
coronavirus covid19,5419
tested positive,5358
coronavirus pandemic,4896
new cases,4617
19 pandemic,4419
covid19 coronavirus,4280
positive coronavirus,4119
positive covid,3745
wear mask,3654
new york,3552
trump administration,3142
85 infants,2887
texas county,2846
test positive,2768
testing tracing,2689
relief bill,2562
new coronavirus,2506
nuevos casos,2456
new covid,2363
casos covid,2343
white house,2301
social distancing,2265
wear masks,2253
coronavirus relief,2247
19 vaccine,2110
covid19 pandemic,2074
