gram,counts
covid 19,150304
coronavirus cases,12649
19 cases,9373
19 pandemic,5524
new cases,5442
coronavirus covid19,5310
coronavirus pandemic,5099
wear mask,4976
10 million,4602
covid19 coronavirus,3952
new coronavirus,3571
covid19 cases,3274
500 000,3234
social distancing,3132
casos covid,2932
new covid,2860
nuevos casos,2767
death toll,2567
casos coronavirus,2410
covid19 pandemic,2359
wearing mask,2320
new york,2198
coronavirus covid,2130
stay home,2086
wear masks,2057
tested positive,2051
coronavirus deaths,1947
fox news,1929
nursing homes,1927
