gram,counts
covid 19,147597
coronavirus cases,9910
19 cases,8240
tests positive,8224
donald trump,7781
positive coronavirus,7416
kimberly guilfoyle,6734
positive covid,6585
trump jr,5845
coronavirus pandemic,4843
coronavirus covid19,4819
tested positive,4753
new cases,4622
jr girlfriend,4453
wear mask,4335
19 pandemic,4229
trump campaign,4125
covid19 coronavirus,3757
new coronavirus,3596
social distancing,3360
new covid,3219
white house,3048
test positive,2924
nuevos casos,2900
casos covid,2871
4th july,2856
mount rushmore,2664
guilfoyle donald,2491
covid19 cases,2488
