gram,counts
covid 19,204416
19 cases,9492
19 pandemic,7848
coronavirus cases,7741
19 vaccine,7228
coronavirus pandemic,7006
coronavirus covid19,6847
covid19 coronavirus,6163
new cases,5170
wear mask,4734
vaccine tested,4170
immune response,4099
first covid,4039
new york,4031
tested us,3684
positive covid,3544
hong kong,3523
tested positive,3403
new coronavirus,3352
white house,3351
shows promising,3283
covid19 pandemic,3273
coronavirus vaccine,3248
trump administration,3178
casos covid,3104
promising immune,2983
us shows,2935
public health,2934
large trial,2926
