gram,counts
covid 19 pandemic,5546
href rel nofollow,3100
true href rel,3039
covid 19 crisis,2892
covid 19 cases,2771
coronavirus covid 19,2673
rel nofollow twitter,2653
due covid 19,2033
covid 19 outbreak,1869
covid 19 patients,1846
nofollow twitter web,1791
fight covid 19,1735
twitter web app,1539
covid 19 via,1401
covid 19 ayobijakcegahcorona,1378
amid covid 19,1325
positive covid 19,1235
bbc news coronavirus,1170
covid 19 coronavirus,1164
stay at home,1139
covid 19 lockdown,1131
virus covid 19,1022
covid 19 response,990
amid coronavirus pandemic,974
coronavirus task force,971
spread covid 19,967
new york times,964
sign petition via,961
washingtonpost nytimes foreignpolicy,944
