gram,counts
covid 19,144135
19 vaccine,8888
19 pandemic,5289
19 cases,5050
scott atlas,3772
coronavirus covid19,3644
coronavirus vaccine,3278
covid19 coronavirus,3224
coronavirus pandemic,2750
new cases,2728
coronavirus cases,2596
atlas resigns,2317
new covid,2316
due covid,2221
thank god,2215
casos covid,1997
positive covid,1921
dr scott,1890
wear mask,1846
covid19 pandemic,1845
tested positive,1812
public health,1784
vacuna covid,1726
nuevos casos,1709
covid19 vaccine,1664
30 11,1640
emergency use,1506
health care,1491
trump coronavirus,1455
