gram,counts
covid 19,178045
19 vaccine,26110
coronavirus vaccine,6818
year old,6549
pfizer covid,6350
90 year,5832
first person,5688
19 pandemic,5322
19 cases,5252
covid19 vaccine,5081
pfizer biontech,4402
becomes first,4010
coronavirus covid19,3950
margaret keenan,3855
vaccine outside,3667
reino unido,3622
19 vaccines,3445
william shakespeare,3437
receive pfizer,3423
covid19 coronavirus,3213
positive covid,3076
world receive,3032
receive covid,2986
coronavirus pandemic,2803
raid home,2500
old woman,2489
white house,2448
new cases,2439
19 data,2428
