gram,counts
covid 19,126409
new year,13031
19 vaccine,11092
happy new,5583
coronavirus vaccine,3945
19 pandemic,3937
19 cases,3402
coronavirus pandemic,2644
new covid,2600
coronavirus covid19,2379
year eve,2299
new cases,2271
covid19 coronavirus,2200
positive covid,2152
covid19 vaccine,2056
coronavirus cases,1931
19 vaccines,1924
new coronavirus,1771
año nuevo,1659
stay safe,1638
stay home,1634
covid19 pandemic,1601
due covid,1600
500 doses,1600
tested positive,1478
new years,1417
19 vaccination,1391
covid covid,1367
new york,1357
