gram,counts
href rel nofollow,2563
true href rel,2526
covid 19 pandemic,2357
rel nofollow twitter,2197
coronavirus covid 19,2119
trying times share,1826
share support italian,1815
italy trying times,1815
times share support,1815
stand italy trying,1814
support italian friends,1813
italian friends colleagues,1803
covid 19 cases,1583
nofollow twitter web,1435
due covid 19,1311
twitter web app,1256
covid 19 outbreak,1233
covid 19 crisis,1204
tests positive coronavirus,1147
positive covid 19,1013
covid 19 coronavirus,903
tested positive coronavirus,818
amid covid 19,814
bbc news coronavirus,802
covid 19 via,800
stop spread coronavirus,756
new york times,742
help stop spread,715
covid 19 virus,713
