gram,counts
covid 19,200847
coronavirus pandemic,7881
19 pandemic,7833
coronavirus covid19,7207
19 cases,6420
coronavirus cases,5753
new cases,4886
covid19 coronavirus,4866
spread coronavirus,4207
asymptomatic spread,3902
tni polri,3769
social distancing,3450
pandemi covid,3398
covid19 pandemic,3324
casos covid,3197
keamanan selama,3193
new zealand,3122
due covid,3008
coronavirus covid,2868
da covid,2822
19 crisis,2784
nuevos casos,2681
new york,2523
new coronavirus,2470
new normal,2461
casos coronavirus,2435
covid19 cases,2326
tested positive,2324
due coronavirus,2261
