gram,counts
covid 19,136052
19 cases,5685
coronavirus cases,4623
19 pandemic,4490
coronavirus covid19,3990
19 vaccine,3482
coronavirus pandemic,3472
covid19 coronavirus,3205
new cases,3120
labor day,2773
positive covid,2768
nuevos casos,2539
casos covid,2534
protokol kesehatan,2501
coronavirus vaccine,2471
covid19 pandemic,2353
due covid,2119
positive coronavirus,2116
social distancing,2073
casos coronavirus,2058
tested positive,1981
young people,1944
test positive,1796
new covid,1741
new coronavirus,1572
covid19 cases,1566
coronavirus covid,1512
september 2020,1507
high marks,1496
