gram,counts
covid 19,138716
19 cases,7526
coronavirus cases,6546
tested positive,5032
amitabh bachchan,5014
coronavirus covid19,4744
coronavirus pandemic,4428
covid19 coronavirus,4300
positive covid,4299
new cases,4195
19 pandemic,4149
wear mask,3607
well soon,3343
positive coronavirus,3281
get well,3242
tests positive,3199
disney world,3055
new coronavirus,2574
speedy recovery,2511
new york,2488
social distancing,2383
casos covid,2243
new covid,2239
covid19 cases,2138
coronavirus deaths,2119
hong kong,2074
19 patients,2030
positive covid19,2024
nuevos casos,2009
