gram,counts
covid 19,162045
19 cases,6631
19 pandemic,6564
coronavirus cases,5137
coronavirus covid19,3779
19 vaccine,3777
coronavirus pandemic,3629
covid19 coronavirus,3515
19 deaths,3433
new cases,3389
white house,3056
positive covid,2984
penyebaran covid,2729
protokol kesehatan,2635
tested positive,2433
covid19 pandemic,2330
herd immunity,2295
19 patients,2262
memakai masker,2257
new covid,2220
mencuci tangan,2190
pandemi covid,2182
donald trump,2152
menjaga jarak,2139
via youtube,2078
positivo covid,1956
nuevos casos,1900
kita dapat,1882
casos covid,1843
