gram,counts
covid 19,198644
19 vaccine,8675
coronavirus vaccine,8531
19 cases,7834
19 pandemic,6861
coronavirus cases,6856
coronavirus covid19,6805
coronavirus pandemic,6739
covid19 coronavirus,5536
immune response,5364
new cases,4950
positive covid,3815
due covid,3598
oxford vaccine,3540
wear mask,3484
news coronavirus,3360
bbc news,3308
tested positive,3293
new york,3099
coronavirus oxford,3072
covid19 pandemic,3047
casos covid,2997
new coronavirus,2969
oxford university,2909
via youtube,2824
nuevos casos,2810
new covid,2724
public health,2511
donald trump,2440
