gram,counts
covid 19,196258
herman cain,18115
19 pandemic,6923
19 cases,6868
coronavirus pandemic,6151
coronavirus covid19,6146
coronavirus cases,5226
covid19 coronavirus,5174
wear mask,5132
cain dies,4991
150 000,4847
presidential candidate,4785
positive covid,4618
new cases,4539
protokol kesehatan,3541
tested positive,3258
covid19 pandemic,3219
19 vaccine,3127
test positive,3013
nuevos casos,3004
candidate herman,2968
social distancing,2906
tulsa rally,2904
cain died,2856
coronavirus deaths,2790
due covid,2783
positive coronavirus,2774
dr fauci,2725
wearing mask,2711
