gram,counts
covid 19,174375
19 vaccine,9253
19 cases,7475
19 pandemic,7045
coronavirus cases,4226
coronavirus covid19,4075
positive covid,3638
coronavirus vaccine,3582
covid19 coronavirus,3575
coronavirus pandemic,3446
dolly parton,3387
new covid,3231
wear mask,3173
new cases,3094
tested positive,2842
tests positive,2834
happy birthday,2806
covid19 pandemic,2787
chuck grassley,2643
positive coronavirus,2414
public health,2388
due covid,2120
across country,2082
new coronavirus,2017
19 test,1989
coronavirus covid,1981
19 vaccines,1892
casos covid,1862
17 11,1859
