gram,counts
covid 19 pandemic,8611
covid 19 cases,4772
href rel nofollow,3784
covid 19 crisis,3782
true href rel,3722
rel nofollow twitter,3175
coronavirus covid 19,2981
fight covid 19,2760
due covid 19,2757
nofollow twitter web,2218
covid 19 outbreak,2007
covid 19 patients,1950
covid 19 lockdown,1931
covid 19 deaths,1913
amid covid 19,1898
twitter web app,1898
reduce people suffering,1872
covid 19 via,1783
stay at home,1707
battle covid 19,1647
covid 19 one,1596
casos covid 19,1512
positive covid 19,1433
fight battle covid,1407
new covid 19,1394
cases covid 19,1389
mechanisms reduce people,1367
covid 19 response,1367
covid 19 coronavirus,1355
