gram,counts
covid 19,172509
19 vaccine,18245
coronavirus vaccine,7043
19 pandemic,5795
obama bush,5018
bush clinton,4985
19 cases,4867
protokol kesehatan,4187
disiplinterapkan3mjalin persatuan,3998
19 vaccines,3912
take covid,3771
vaccine publicly,3701
coronavirus pandemic,3654
coronavirus covid19,3476
19 dengan,3201
new cases,3132
pandemi covid,3085
covid19 vaccine,3023
clinton say,2995
public trust,2944
say take,2905
penularan covid,2863
gain public,2792
covid19 coronavirus,2731
publicly gain,2731
19 deaths,2730
hindari penularan,2594
coronavirus cases,2520
new covid,2487
