gram,counts
covid 19 pandemic,8506
covid 19 cases,5627
penyebaran covid 19,3681
covid 19 patients,3377
covid 19 crisis,3180
due covid 19,3108
covid 19 dengan,2952
casos covid 19,2923
pandemi covid 19,2765
covid 19 dirumahajalebihbaik,2676
covid 19 vaccine,2562
coronavirus covid 19,2468
covid 19 deaths,2318
polri imbau masyarakat,2296
new covid 19,2181
1trenggalek thearieair tjhinfar21,1945
thearieair tjhinfar21 wagimandeep212,1945
tjhinfar21 wagimandeep212 narkosun,1945
wagimandeep212 narkosun kampoeng_99,1945
1802_kimmi aryprasetyo85 dewidrupadi_45,1945
aryprasetyo85 dewidrupadi_45 _gussur,1945
dewidrupadi_45 _gussur maranatha_sibrn,1945
_gussur maranatha_sibrn mulyanadipura,1945
maranatha_sibrn mulyanadipura anak_singkong1_,1945
narkosun kampoeng_99 hamka_sutra,1944
kampoeng_99 hamka_sutra 1802_kimmi,1944
hamka_sutra 1802_kimmi aryprasetyo85,1944
covid 19 via,1927
positive covid 19,1836
