gram,counts
covid 19,206204
19 cases,8754
coronavirus cases,8475
19 pandemic,7608
coronavirus covid19,7333
coronavirus pandemic,7056
covid19 coronavirus,5571
new cases,5285
second wave,4483
new coronavirus,3997
new covid,3709
wear mask,3673
social distancing,3630
nuevos casos,3441
casos covid,3383
covid19 pandemic,3356
due covid,3103
positive coronavirus,3084
19 patients,3017
coronavirus covid,2878
coronavirus outbreak,2875
positive covid,2813
tested positive,2779
casos coronavirus,2754
test positive,2697
covid19 cases,2661
due coronavirus,2434
public health,2370
death toll,2336
