gram,counts
covid 19,121260
19 cases,7439
coronavirus cases,6405
19 palliatives,4284
new cases,4192
libur panjang,3671
19 pandemic,3310
coronavirus covid19,3296
geçmiş olsun,3205
donald trump,3071
tests positive,2927
covid19 coronavirus,2860
positive coronavirus,2798
wear mask,2739
new covid,2649
coronavirus pandemic,2510
new coronavirus,2394
tested positive,2223
positive covid,2147
19 vaccine,2124
protokol kesehatan,2069
one day,2047
joe biden,1963
19 deaths,1930
single day,1924
19 palliative,1828
white house,1803
task force,1797
casos covid,1790
