gram,counts
covid 19 pandemic,7609
covid 19 baksostnipolriutknegeri,5647
terdampak covid 19,5192
yang terdampak covid,4895
bakti sosial untuk,4554
href rel nofollow,3939
true href rel,3853
covid 19 cases,3709
coronavirus covid 19,3356
rel nofollow twitter,3341
copy officials last,3279
deliver copy officials,3279
officials last delivered,3279
support usps deliver,3278
usps deliver copy,3278
signing support usps,3278
covid 19 crisis,3273
world health organization,3133
kurang mampu yang,2857
mampu yang terdampak,2855
untuk membantu masyarakat,2854
masyarakat kurang mampu,2854
membantu masyarakat kurang,2849
melaksanakan bakti sosial,2832
dan tni bersinergi,2832
tni bersinergi dalam,2832
bersinergi dalam melaksanakan,2831
dalam melaksanakan bakti,2830
sosial untuk membantu,2830
