gram,counts
covid 19 pandemic,8449
covid 19 cases,4740
href rel nofollow,4189
true href rel,4116
rel nofollow twitter,3514
covid 19 crisis,3403
covid 19 patients,3193
coronavirus covid 19,3002
due covid 19,2984
fight covid 19,2591
covid 19 via,2508
nofollow twitter web,2446
covid 19 lockdown,2312
twitter web app,2112
covid 19 deaths,1952
positive covid 19,1929
casos covid 19,1877
bbc news coronavirus,1876
amid covid 19,1840
new covid 19,1681
covid 19 testing,1602
covid 19 outbreak,1578
towards cashless society,1547
covid 19 response,1448
stay at home,1437
covid 19 di,1359
covid 19 coronavirus,1340
cashless society know,1333
du covid 19,1324
