gram,counts
covid 19,170831
19 vaccine,13308
relief bill,8444
19 relief,8113
nueva cepa,5567
new covid,5284
2021 covid,5058
19 menghilang,4907
new coronavirus,4846
coronavirus relief,4730
19 udahan,4342
relief package,4198
19 pandemic,3952
19 cases,3948
menghilang 2021samashopeesemoga,3924
2021samashopeesemoga 2021,3924
udahan 2021samashopeesemoga,3589
reino unido,3552
coronavirus covid19,3528
new strain,3487
coronavirus vaccine,3364
covid19 coronavirus,3201
cepa coronavirus,3200
900 billion,3072
19 vaccines,3031
2021samashopeesemoga covid,3012
coronavirus pandemic,2955
shopeeid semoga,2926
covid19 vaccine,2870
