gram,counts
covid 19 pandemic,8397
penyebaran covid 19,5964
memutus mata rantai,5269
rantai penyebaran covid,4981
mata rantai penyebaran,4957
pandemi covid 19,4897
guna memutus mata,4800
covid 19 cases,4538
covid 19 atau,4526
hari raya idul,4500
19 atau virus,4500
raya idul fitri,4499
atau virus corona,4498
idul fitri 1441,4495
saat hari raya,4492
1441 guna memutus,4490
polri dan pns,4489
fitri 1441 guna,4489
dan pns polri,4489
mudik saat hari,4489
dilarang mudik saat,4488
anggota polri dan,4487
polri dilarang mudik,4486
pns polri dilarang,4486
untuk anggota polri,4481
mudik untuk anggota,4479
larangan mudik untuk,4445
href rel nofollow,4427
virus corona stopmudikcegahcovid19,4410
