gram,counts
covid 19,112633
19 vaccine,8019
merry christmas,3200
19 cases,3079
19 pandemic,2961
new covid,2713
coronavirus covid19,2458
new coronavirus,2407
19 relief,2403
coronavirus pandemic,2244
covid19 coronavirus,2229
christmas eve,2097
vacuna covid,2039
new cases,1982
relief bill,1948
coronavirus cases,1922
covid19 vaccine,1674
dies covid,1613
coronavirus vaccine,1576
19 vaccines,1570
south africa,1550
nueva cepa,1513
patuhi prokes,1489
black doctor,1469
doctor dies,1448
positive covid,1435
vacunación covid,1422
coronavirus variant,1385
stay safe,1374
