gram,counts
covid 19 pandemic,6371
href rel nofollow,3487
true href rel,3414
covid 19 crisis,3179
rel nofollow twitter,2968
coronavirus covid 19,2826
covid 19 cases,2753
covid 19 patients,2223
due covid 19,2125
fight covid 19,2120
nofollow twitter web,2003
covid 19 deaths,1788
positive covid 19,1787
covid 19 polrihimbaupakaimasker,1771
twitter web app,1755
covid 19 outbreak,1736
world health day,1689
bbc news coronavirus,1674
covid 19 via,1660
amid covid 19,1483
covid 19 coronavirus,1405
covid 19 response,1363
spread covid 19,1278
new york times,1224
batuk atau bersin,1132
19 menular melalui,1130
droplet yang mungkin,1129
yang mungkin keluar,1129
mungkin keluar saat,1129
