gram,counts
covid 19,177307
19 vaccine,16313
oxford astrazeneca,6985
coronavirus vaccine,6318
dies covid,5577
new year,5046
luke letlow,4894
19 cases,4844
dawn wells,4496
vaccine approved,4413
gilligan island,4392
congressman elect,4275
positive covid,4138
19 pandemic,4093
new covid,3881
mary ann,3827
approved use,3356
covid19 coronavirus,3314
use uk,3305
covid19 vaccine,3132
died covid,3115
elect luke,3107
coronavirus covid19,3095
astrazeneca covid,3009
tests positive,2987
new cases,2950
coronavirus cases,2924
astrazeneca coronavirus,2858
19 complications,2831
