gram,counts
covid 19,80714
19 vaccine,4460
merry christmas,3414
new coronavirus,2151
negative covid,1962
19 pandemic,1955
19 cases,1941
nueva cepa,1937
coronavirus covid19,1794
christmas day,1726
19 test,1703
covid19 coronavirus,1691
new covid,1649
coronavirus pandemic,1603
coronavirus variant,1516
require negative,1497
positive covid,1439
new cases,1386
casos covid,1347
coronavirus vaccine,1315
tested positive,1232
cepa coronavirus,1199
19 vaccines,1196
reino unido,1191
coronavirus cases,1156
covid19 covid,1091
gt gt,1046
19 aşılarının,1033
aşılarının korunması,1028
