gram,counts
covid 19,151486
19 cases,5879
19 pandemic,5518
19 vaccine,4912
coronavirus covid19,4447
coronavirus cases,4374
covid19 coronavirus,4372
coronavirus pandemic,4082
new cases,3978
positive covid,2491
new covid,2470
covid19 pandemic,2400
donald trump,2394
nuevos casos,2349
coronavirus vaccine,2207
200 000,2132
tested positive,2080
casos covid,2075
new coronavirus,2026
chinese virologist,1994
social distancing,1952
due covid,1936
indoor rally,1908
public health,1840
ceo says,1821
know covid,1795
pfizer ceo,1774
end october,1710
covid19 cases,1686
