gram,counts
covid 19,168700
19 pandemic,6491
bob woodward,5497
donald trump,5252
19 cases,5004
coronavirus pandemic,4877
american people,4510
trump knew,4298
coronavirus covid19,4111
coronavirus cases,4069
19 vaccine,4004
protokol kesehatan,3591
new cases,3499
200 000,3279
covid19 coronavirus,3257
190 000,3178
president trump,3079
coronavirus relief,3053
joe biden,3047
000 americans,2894
due covid,2772
coronavirus vaccine,2763
public health,2430
covid19 pandemic,2424
trump coronavirus,2397
relief bill,2349
penyebaran covid,2275
new covid,2211
nuevos casos,2203
