gram,counts
covid 19,98189
19 cases,4286
coronavirus cases,3657
coronavirus covid19,3215
covid19 coronavirus,3189
new cases,2812
19 pandemic,2794
white house,2648
coronavirus pandemic,2601
wear mask,2485
19 vaccine,2172
new covid,1838
masks work,1816
twitter removes,1761
via youtube,1757
spread coronavirus,1710
nuevos casos,1674
positive covid,1604
donald trump,1575
coronavirus adviser,1571
herd immunity,1564
new coronavirus,1500
casos covid,1458
covid19 pandemic,1439
new york,1359
public health,1346
18 10,1293
covid19 cases,1278
new zealand,1215
