gram,counts
covid 19,199789
coronavirus cases,12387
19 cases,10625
19 pandemic,7669
coronavirus pandemic,7056
coronavirus covid19,6302
covid19 coronavirus,5889
new cases,5672
new coronavirus,4600
wear mask,3802
positive covid,3706
covid19 cases,3518
tested positive,3468
covid19 pandemic,3361
death rate,3157
nuevos casos,3142
social distancing,2956
new york,2930
due covid,2923
new covid,2910
united states,2901
casos covid,2867
public health,2834
inside heart,2826
donald trump,2727
casos coronavirus,2397
jair bolsonaro,2351
positive coronavirus,2347
back school,2345
