gram,counts
covid 19,122707
19 vaccine,13178
19 cases,3850
coronavirus vaccine,3546
boris johnson,3439
new covid,3419
19 pandemic,3128
new coronavirus,2797
new strain,2782
19 vaccines,2639
coronavirus covid19,2616
covid19 vaccine,2371
covid19 coronavirus,2360
coronavirus cases,2294
new cases,2239
moderna covid,1912
new variant,1795
coronavirus pandemic,1776
due covid,1679
nueva cepa,1671
stay safe,1652
get covid,1642
reino unido,1640
covid_19 covid19,1593
united states,1500
coronavirus strain,1412
19 deaths,1368
pfizer biontech,1365
nuevos casos,1298
