gram,counts
covid 19,111169
19 cases,4164
coronavirus covid19,3326
19 pandemic,3277
coronavirus cases,3212
cdc reports,3097
new cases,3067
19 vaccine,3064
coronavirus vaccine,2795
reports covid,2724
trump officials,2674
covid19 coronavirus,2649
coronavirus pandemic,2647
interfered cdc,2620
officials interfered,2494
vaccine trial,2311
200 000,2185
nuevos casos,2018
new covid,1978
19 via,1975
19 deaths,1858
donald trump,1770
positive covid,1704
chinese virologist,1577
due covid,1509
vacuna covid,1500
casos covid,1498
tested positive,1455
new york,1438
