gram,counts
covid 19,167078
19 pandemic,6298
19 cases,5873
coronavirus pandemic,4990
19 vaccine,4773
coronavirus covid19,4424
coronavirus cases,4312
pandemi covid,3977
new cases,3920
covid19 coronavirus,3412
kesehatan dan,2996
19 telah,2984
nuevos casos,2968
telah menjadi,2960
menjadi bencana,2954
bencana kesehatan,2953
dan kemanusiaan,2951
abad ini,2949
kemanusiaan di,2827
di abad,2827
coronavirus vaccine,2797
casos covid,2602
due covid,2580
covid19 pandemic,2578
new covid,2482
ini yang,2460
berimbas pada,2458
yang berimbas,2457
kehidupan manusia,2457
