gram,counts
covid 19,195984
19 vaccine,12182
coronavirus vaccine,12109
19 cases,8338
new zealand,7919
primera vacuna,7695
coronavirus cases,7674
19 pandemic,6482
vacuna covid,6118
coronavirus covid19,5773
coronavirus pandemic,5533
first covid,5415
world first,5370
vacuna coronavirus,5333
vladimir putin,5229
covid19 coronavirus,4896
new cases,4787
vacuna rusa,4417
102 days,3684
first coronavirus,3596
putin says,3506
new coronavirus,3496
tested positive,3259
protokol kesehatan,3246
casos covid,3204
nuevos casos,3148
covid19 vaccine,3029
positive covid,2801
new covid,2774
