gram,counts
covid 19,127210
supreme court,6211
19 vaccine,4897
19 pandemic,4872
19 cases,3844
new york,3838
coronavirus covid19,3257
jalin persatuan,3150
coronavirus pandemic,2889
19 restrictions,2673
positive covid,2622
coronavirus cases,2556
covid19 coronavirus,2517
new cases,2419
happy thanksgiving,2242
pandemi covid,2199
pilkada 2020,2117
due covid,2098
pilkada serentak,2045
coronavirus restrictions,1976
new covid,1876
public health,1804
pilkadadamaitaatprokesjalin persatuan,1795
26 11,1772
dalam pilkada,1764
covid19 pandemic,1682
pelaksanaan pilkada,1645
protokol kesehatan,1637
pandemi covid19,1632
