gram,counts
covid 19,146217
coronavirus cases,7298
19 cases,6944
19 pandemic,5001
new cases,4395
coronavirus covid19,4219
coronavirus pandemic,3866
19 vaccine,3480
donald trump,3385
covid19 coronavirus,3338
19 palliatives,3209
new coronavirus,3146
new covid,2813
joe biden,2545
libur panjang,2359
rounding corner,2279
wear mask,2278
united states,2278
nuevos casos,2097
single day,2044
covid19 pandemic,1997
public health,1994
19 deaths,1984
casos covid,1895
covid19 cases,1850
23 10,1842
penyebaran covid,1825
10 2020,1798
one day,1693
