gram,counts
covid 19,185053
19 cases,9544
coronavirus cases,9106
19 pandemic,7659
coronavirus pandemic,7449
coronavirus covid19,6231
new cases,5064
covid19 coronavirus,4773
100 000,4642
wear mask,4360
covid19 pandemic,3439
positive covid,3438
new coronavirus,3262
social distancing,2948
new covid,2929
casos covid,2909
due covid,2856
nuevos casos,2784
new york,2702
19 vaccine,2652
tested positive,2644
19 di,2604
covid19 cases,2591
public health,2397
coronavirus covid,2347
19 crisis,2150
casos coronavirus,2100
bbc news,2097
19 patients,2055
