gram,counts
covid 19,148864
19 vaccine,21326
coronavirus vaccine,6237
pfizer covid,5707
19 pandemic,4725
19 cases,4619
emergency use,4116
covid19 vaccine,3457
pfizer biontech,3368
vaccine emergency,3080
coronavirus covid19,2960
19 vaccines,2701
covid19 coronavirus,2678
new cases,2554
coronavirus pandemic,2428
positive covid,2292
approves pfizer,2279
new covid,2227
coronavirus cases,2203
tested positive,2152
new york,2139
fda approves,2134
covid19 pandemic,1929
vacuna covid,1883
19 deaths,1863
public health,1843
300 000,1786
pfizer coronavirus,1728
due covid,1713
