gram,counts
covid 19,147429
19 vaccine,12138
19 cases,5071
19 pandemic,5012
coronavirus vaccine,4821
protokol kesehatan,3799
coronavirus covid19,3679
covid19 coronavirus,2940
19 vaccines,2923
new cases,2860
coronavirus pandemic,2759
covid19 vaccine,2596
coronavirus cases,2568
new covid,2490
positive covid,2480
wear mask,2411
19 relief,2159
covid19 pandemic,2110
public health,2031
due covid,1727
pandemi covid,1721
joe biden,1704
covid19 covid,1671
get covid,1664
casos covid,1616
stay home,1595
nuevos casos,1586
tested positive,1584
19 deaths,1531
