gram,counts
covid 19,159765
19 vaccine,16894
19 pandemic,4635
coronavirus vaccine,4342
19 cases,4184
tom cruise,3981
19 vaccines,3596
covid19 vaccine,3497
covid19 coronavirus,3368
coronavirus covid19,3267
vaksin covid,3195
new cases,2768
coronavirus pandemic,2673
new covid,2635
health care,2477
covid19 pandemic,2213
19 deaths,2114
get covid,2037
19 relief,1932
vacuna covid,1907
public health,1864
stay safe,1861
coronavirus cases,1847
due covid,1844
casos covid,1840
positive covid,1790
300 000,1761
nuevos casos,1721
pfizer biontech,1685
