gram,counts
covid 19,179502
19 vaccine,9746
19 cases,8456
19 pandemic,5852
coronavirus vaccine,5496
250 000,5128
95 effective,5045
coronavirus covid19,4731
coronavirus cases,4629
new covid,3957
covid19 coronavirus,3836
new york,3661
19 test,3415
coronavirus pandemic,3392
new cases,3360
positive covid,3070
wear mask,3001
vaccine 95,2800
covid19 pandemic,2681
covid19 vaccine,2606
19 deaths,2515
public health,2475
tested positive,2356
covid_19 covid19,2326
due covid,2270
at home,2267
death toll,2207
pfizer biontech,2126
casos covid,2084
