gram,counts
covid 19,171425
19 vaccine,24153
90 effective,13558
coronavirus vaccine,10590
vaccine 90,9128
pfizer biontech,8239
joe biden,8098
task force,7911
19 cases,7443
president elect,6997
covid19 vaccine,6502
ben carson,6112
coronavirus cases,5343
pfizer says,5191
warp speed,5128
positive covid,4948
coronavirus covid19,4849
19 pandemic,4839
covid19 coronavirus,4480
good news,4334
vacuna covid,4221
tests positive,4107
positive coronavirus,4104
tested positive,3954
pfizer covid,3910
white house,3874
10 million,3695
new cases,3355
advisory board,3304
