gram,counts
covid 19,190268
19 cases,8015
19 pandemic,7365
coronavirus cases,6523
coronavirus covid19,6469
trump administration,6328
19 vaccine,6124
covid19 coronavirus,5831
coronavirus pandemic,5723
new cases,4932
coronavirus data,4776
wear mask,4713
white house,4439
tested positive,4389
positive covid,4291
coronavirus vaccine,3640
new york,3433
positive coronavirus,3402
covid19 pandemic,3165
public health,2981
new coronavirus,2973
19 data,2920
tests positive,2869
casos covid,2668
covid19 cases,2567
due covid,2560
nuevos casos,2556
hospital data,2524
19 polriadaptasikebiasaanbaru,2470
