gram,counts
covid 19,197038
coronavirus cases,9194
19 cases,8605
coronavirus pandemic,7491
coronavirus covid19,7303
19 pandemic,7035
covid19 coronavirus,5882
new cases,5857
casos covid,4212
wear mask,3628
covid19 pandemic,3623
new coronavirus,3532
positive covid,3422
coronavirus outbreak,3172
due covid,3104
social distancing,3082
nuevos casos,3076
new covid,2917
tested positive,2908
casos coronavirus,2897
covid19 cases,2760
coronavirus covid,2729
public health,2561
casos confirmados,2461
positive coronavirus,2427
alert level,2373
face masks,2348
wear masks,2263
new york,2260
