gram,counts
covid 19,138100
coronavirus cases,7699
19 cases,7259
coronavirus covid19,5567
covid19 coronavirus,4730
new cases,4546
coronavirus pandemic,4525
19 pandemic,4210
new coronavirus,3389
nuevos casos,3282
social distancing,3244
new covid,2855
second wave,2748
casos covid,2573
coronavirus covid,2546
new york,2256
covid19 cases,2253
casos coronavirus,2165
death toll,2141
covid19 pandemic,1904
wear mask,1808
casos confirmados,1714
tested positive,1684
19 patients,1677
due covid,1647
june 14,1621
public health,1617
via youtube,1617
24 horas,1615
