gram,counts
covid 19,141553
19 cases,6160
coronavirus cases,5056
coronavirus pandemic,4670
coronavirus covid19,4481
19 pandemic,3753
covid19 coronavirus,3622
positive covid,3496
new cases,3435
positive coronavirus,3315
19 vaccine,2775
tests positive,2680
casos covid,2544
dr fauci,2524
coronavirus deaths,2451
nuevos casos,2437
tested positive,2402
death toll,2236
via youtube,2194
social distancing,2185
new coronavirus,2145
test positive,2130
coronavirus vaccine,2103
new covid,2073
19 deaths,2064
wear mask,2024
public health,1942
new york,1923
casos coronavirus,1905
