gram,counts
covid 19 pandemic,5231
href rel nofollow,3012
true href rel,2950
covid 19 cases,2720
coronavirus covid 19,2718
covid 19 crisis,2608
rel nofollow twitter,2578
due covid 19,2201
covid 19 outbreak,2049
nofollow twitter web,1738
fight covid 19,1601
sign petition via,1560
covid 19 patients,1534
twitter web app,1506
positive covid 19,1451
covid 19 via,1350
amid covid 19,1252
stay at home,1200
imansyukri taufikmadjid71 fachrilabalado,1199
halimiskandarnu anwsanusi malik_haramain,1188
anwsanusi malik_haramain imansyukri,1186
bbc news coronavirus,1181
malik_haramain imansyukri taufikmadjid71,1181
amid coronavirus pandemic,1166
petition via ukchange,1159
covid 19 coronavirus,1101
covid 19 virus,1005
spread covid 19,998
coronavirus task force,974
