gram,counts
covid 19,171663
19 vaccine,19499
emmanuel macron,8994
positive covid,6102
tests positive,5899
coronavirus vaccine,5408
19 cases,5117
19 pandemic,4709
french president,3958
covid19 vaccine,3865
coronavirus covid19,3687
macron tests,3666
covid19 coronavirus,3664
19 vaccines,3604
new cases,3174
tested positive,3097
positif au,2969
coronavirus pandemic,2799
new covid,2780
president emmanuel,2682
coronavirus cases,2665
positive coronavirus,2500
moderna covid,2326
covid19 pandemic,2280
get covid,2232
vacuna covid,2172
health care,2067
stay safe,1942
19 deaths,1909
