gram,counts
covid 19,146250
19 vaccine,9172
armando manzanero,5051
19 cases,4215
19 relief,4148
19 pandemic,3753
relief bill,3419
new covid,2976
coronavirus pandemic,2949
covid19 coronavirus,2860
coronavirus covid19,2791
zhang zhan,2626
coronavirus cases,2625
19 vaccines,2572
citizen journalist,2448
new coronavirus,2322
coronavirus vaccine,2272
trump signs,2251
19 di,2247
vacuna covid,2187
new cases,2169
covid19 vaccine,2002
coronavirus relief,1966
casos covid,1956
positif covid,1937
new year,1875
donald trump,1770
south africa,1702
coronavirus outbreak,1702
