gram,counts
covid 19,204060
19 cases,9442
coronavirus cases,8044
19 pandemic,7356
coronavirus covid19,7151
19 vaccine,6974
covid19 coronavirus,6519
coronavirus pandemic,6230
coronavirus vaccine,6016
new cases,5492
wear mask,5058
tested positive,4318
trump administration,4258
positive covid,3809
vaccine research,3806
white house,3669
covid19 pandemic,3385
coronavirus data,3360
public health,3151
covid19 cases,3142
casos covid,3089
nuevos casos,2943
russian hackers,2874
new york,2796
new covid,2779
due covid,2647
positive coronavirus,2606
wearing mask,2604
casos coronavirus,2547
