gram,counts
covid 19,177752
19 pandemic,6424
19 vaccine,5591
19 cases,5454
positive covid,4706
coronavirus pandemic,4549
coronavirus covid19,4517
protokol kesehatan,4059
tested positive,4038
19 patients,3939
covid19 coronavirus,3793
coronavirus cases,3781
coronavirus vaccine,3696
new cases,3415
white house,2749
penyebaran covid,2650
nuevos casos,2540
19 polrisukseskan3m,2515
positivo coronavirus,2495
covid19 pandemic,2451
due covid,2450
positive coronavirus,2418
19 death,2281
19 jagakesehatanjaga3m,2216
casos covid,2159
pandemi covid,2106
test positive,2098
19 deaths,2082
new covid,2075
