gram,counts
covid 19,162287
coronavirus covid19,6235
19 cases,5839
coronavirus pandemic,5834
coronavirus cases,5376
19 pandemic,4955
new cases,4824
social distancing,4794
covid19 coronavirus,4659
george floyd,3834
nuevos casos,3050
kiituniversity kissfoundation,2909
coronavirus covid,2816
porn usa,2723
new coronavirus,2638
casos covid,2611
covid19 pandemic,2598
coronavirus lockdown,2559
death toll,2532
100 000,2497
claim free,2402
hurry claim,2400
free 350,2400
350 goto,2400
gt gt,2389
new normal,2381
covid19 cases,2216
casos coronavirus,2195
black people,2178
