gram,counts
covid 19,147217
coronavirus cases,8052
19 cases,7701
coronavirus covid19,5267
new cases,5130
coronavirus pandemic,4681
19 pandemic,4283
covid19 coronavirus,3962
new york,3950
positive covid,3700
tested positive,3330
wear mask,3185
white house,2720
new covid,2641
nuevos casos,2616
donald trump,2535
coronavirus deaths,2497
spread coronavirus,2414
new coronavirus,2379
coronavirus testing,2338
casos covid,2323
positive coronavirus,2314
hong kong,2300
fox news,2268
140 000,2245
death toll,2219
covid19 cases,2193
coronavirus covid,2103
social distancing,2047
