gram,counts
covid 19,210326
donald trump,34949
tested positive,33223
positive covid,29267
positive coronavirus,27962
president trump,26019
first lady,24376
white house,15497
test positive,15397
tests positive,15236
realdonaldtrump flotus,14358
trump first,14185
trump coronavirus,11709
trump covid,11438
melania trump,11250
wear mask,8597
president donald,8090
positive covid19,7846
lady tested,7768
hope hicks,7742
trump tested,7389
testing positive,7381
19 diagnosis,7201
joe biden,7089
trump tests,7051
walter reed,6970
lady melania,6506
trump melania,6403
trump covid19,6208
