gram,counts
covid 19 pandemic,9154
covid 19 cases,5206
href rel nofollow,4239
true href rel,4155
covid 19 crisis,3582
rel nofollow twitter,3453
due covid 19,3321
coronavirus covid 19,3076
covid 19 deaths,2487
nofollow twitter web,2428
covid 19 patients,2380
amid covid 19,2240
casos covid 19,2192
twitter web app,2094
new covid 19,2071
covid 19 via,1968
covid 19 lockdown,1939
sign petition via,1935
covid 19 vaccine,1913
coronavirus death toll,1741
covid 19 outbreak,1713
fight covid 19,1712
bbc news coronavirus,1667
towards cashless society,1649
pelosi blocking investigation,1597
positive covid 19,1592
amid coronavirus pandemic,1564
pandemi covid 19,1561
covid 19 testing,1559
