gram,counts
covid 19,157492
19 cases,5830
19 pandemic,5576
19 vaccine,5288
19 palliatives,4824
coronavirus pandemic,4148
coronavirus covid19,3951
coronavirus cases,3947
new cases,3446
couvre feu,3436
covid19 coronavirus,3408
donald trump,2527
covid19 pandemic,2421
new covid,2327
joe biden,2288
19 deaths,2193
positive covid,2186
fda approves,2114
nuevos casos,2018
casos covid,2015
public health,1876
vaccine trial,1875
tested positive,1857
due covid,1847
covid19 vaccine,1844
coronavirus vaccine,1804
19 palliative,1780
cristiano ronaldo,1767
19 patients,1721
