gram,counts
covid19 happybirthdayntr ليله_27,15368
happybirthdayntr ليله_27 angiemotshekga,15368
ليله_27 angiemotshekga covid_19,15368
angiemotshekga covid_19 coronavirus,15368
covid_19 coronavirus kadirgecesi,15368
coronavirus kadirgecesi ليلة_القدر,15368
kadirgecesi ليلة_القدر lockdown2020,15368
covid 19 pandemic,6174
covid19 coronavirus morbidlyobese,5771
coronavirus morbidlyobese tuesdaythoughts,5764
morbidlyobese tuesdaythoughts hydroxychloroquine,5764
tuesdaythoughts hydroxychloroquine tmobiletuesdays,5764
hydroxychloroquine tmobiletuesdays contest,5764
tmobiletuesdays contest obamagate,5764
covid 19 cases,5228
href rel nofollow,4823
true href rel,4743
rel nofollow twitter,3899
pandemi covid 19,3761
sobat polri menghadapi,2956
menghadapi pandemi covid,2925
polri menghadapi pandemi,2908
covid 19 yuk,2843
lindungi dirimu gunakan,2841
nofollow twitter web,2753
dirimu gunakan maskerhai,2750
gunakan maskerhai sobat,2746
maskerhai sobat polri,2739
19 yuk lindungi,2720
