gram,counts
covid 19,116677
19 cases,6579
donald trump,4865
19 vaccine,4284
coronavirus cases,3981
19 pandemic,3631
coronavirus covid19,3190
trump jr,3055
new cases,3029
new covid,2847
coronavirus pandemic,2833
covid19 coronavirus,2675
positive covid,2529
tests positive,2216
tested positive,2112
wear mask,1890
positive coronavirus,1828
coronavirus vaccine,1710
12 million,1656
stay home,1644
new coronavirus,1542
19 deaths,1518
21 11,1432
new york,1424
covid19 pandemic,1418
covid19 cases,1383
casos covid,1349
19 meslek,1342
covid19 covid,1335
