gram,counts
covid 19,201237
george floyd,10295
19 pandemic,8061
coronavirus pandemic,7716
coronavirus covid19,6464
19 cases,5997
coronavirus cases,5120
tested positive,5057
covid19 coronavirus,4835
new cases,4622
social distancing,3979
covid19 pandemic,3568
positive covid,3366
nuevos casos,3003
due covid,2967
casos covid,2950
positive coronavirus,2948
19 crisis,2817
coronavirus covid,2709
24 horas,2551
coronavirus crisis,2521
new covid,2508
new york,2458
casos coronavirus,2362
public health,2268
new coronavirus,2250
june 2020,2183
due covid19,2180
due coronavirus,2152
