gram,counts
covid 19,163503
19 cases,9115
19 vaccine,7531
coronavirus cases,5844
19 pandemic,5612
new cases,4462
wear mask,4221
coronavirus covid19,4203
coronavirus pandemic,3763
new covid,3739
covid19 coronavirus,3630
positive covid,3442
coronavirus vaccine,2926
tested positive,2907
positive coronavirus,2867
tests positive,2692
public health,2562
covid19 cases,2539
covid19 pandemic,2533
stay home,2466
white house,2403
due covid,2290
task force,2281
new coronavirus,2241
19 deaths,1958
new york,1901
corey lewandowski,1880
nuevos casos,1795
united states,1760
