gram,counts
covid 19,135748
19 cases,5529
19 pandemic,5028
coronavirus pandemic,4327
coronavirus cases,4028
coronavirus covid19,3754
covid19 coronavirus,3277
new cases,3028
19 vaccine,2870
white house,2403
new covid,2209
covid19 pandemic,2158
casos covid,2060
nuevos casos,1992
due covid,1913
donald trump,1733
positive covid,1716
20 10,1680
public health,1655
new york,1628
covid19 cases,1618
new coronavirus,1610
sars cov,1601
wear mask,1576
casos coronavirus,1506
herd immunity,1471
tested positive,1462
coronavirus relief,1422
coronavirus vaccine,1419
