gram,counts
covid 19 pandemic,6514
covid 19 cases,4568
covid 19 patients,3867
href rel nofollow,3302
true href rel,3237
coronavirus covid 19,2995
rel nofollow twitter,2841
covid 19 crisis,2540
covid 19 lockdown,2182
due covid 19,2174
covid 19 deaths,2155
casos covid 19,1965
fight covid 19,1943
nofollow twitter web,1707
positive covid 19,1680
covid 19 via,1674
bbc news coronavirus,1622
spread covid 19,1526
coronavirus death toll,1502
pandemi covid 19,1482
amid covid 19,1480
covid 19 briefing,1479
new covid 19,1463
twitter web app,1456
cases covid 19,1435
covid 19 di,1410
erickson covid 19,1349
covid 19 vaccine,1333
dr erickson covid,1307
