gram,counts
covid 19,169613
protokol kesehatan,7179
19 cases,6042
19 pandemic,5915
coronavirus covid19,4904
coronavirus pandemic,4755
coronavirus cases,4540
19 vaccine,4536
19 baktipolriuntuknegeri,4165
covid19 coronavirus,4103
new cases,3481
coronavirus vaccine,3438
covid19 pandemic,3346
task force,3210
white house,3137
positive covid,2997
pencegahan covid,2924
civil liberties,2850
donald trump,2717
nashville mayor,2667
penyebaran covid,2637
baksos dan,2535
dan bakes,2532
blue states,2463
intrusion civil,2454
via youtube,2445
mayor office,2429
dalam rangka,2426
greatest intrusion,2412
