gram,counts
pasien covid 19,11307
jenazah pasien covid,11059
covid 19 pandemic,6746
officials last delivered,6292
deliver copy officials,6292
copy officials last,6292
covid 19 jiwakemanusiaanpolri,6287
support usps deliver,6285
signing support usps,6285
usps deliver copy,6285
covid 19 yang,4939
19 yang terlantar,4578
terlantar hingga jam,4552
covid 19 cases,4129
next coronavirus package,3845
coronavirus package studentdebtstimulus,3835
href rel nofollow,3834
45 million people,3824
true href rel,3776
package studentdebtstimulus help,3703
cancelstudentdebt next coronavirus,3701
studentdebtstimulus help 45,3701
people student debt,3695
help 45 million,3692
urge cancelstudentdebt next,3689
million people student,3688
stimulate economy needed,3686
debt stimulate economy,3682
student debt stimulate,3682
