gram,counts
covid 19,161637
19 cases,8478
secret service,8055
19 vaccine,7704
19 pandemic,5768
coronavirus cases,5768
130 secret,5448
service officers,4907
positive covid,4557
new cases,4231
coronavirus covid19,4168
tested positive,4147
infected coronavirus,3819
covid19 coronavirus,3810
wear mask,3665
new york,3647
elon musk,3577
coronavirus quarantining,3528
new covid,3512
said infected,3488
officers said,3469
quarantining wake,3443
wake trump,3438
trump campaign,3364
coronavirus vaccine,3305
tests positive,3170
coronavirus pandemic,3159
campaign travel,2753
stay home,2707
