gram,counts
covid 19 pandemic,6772
href rel nofollow,3704
true href rel,3634
coronavirus covid 19,3379
covid 19 cases,3367
covid 19 crisis,3362
rel nofollow twitter,3143
due covid 19,2335
nofollow twitter web,2179
covid 19 patients,2103
fight covid 19,2047
covid 19 deaths,1962
twitter web app,1864
covid 19 via,1716
covid 19 outbreak,1667
bbc news coronavirus,1555
covid 19 coronavirus,1429
covid 19 death,1400
positive covid 19,1382
covid 19 relief,1372
amid covid 19,1354
covid 19 lockdown,1322
coronavirus death toll,1141
sign petition via,1125
new york times,1122
casos covid 19,1091
covid 19 response,1083
spread covid 19,1045
amid coronavirus pandemic,1042
