gram,counts
covid 19,155219
19 cases,7945
coronavirus cases,7303
19 pandemic,5976
covid19 coronavirus,4418
coronavirus covid19,4145
new cases,4104
positive covid,4044
19 covid,3933
coronavirus pandemic,3902
new coronavirus,2877
19 vaccine,2724
new covid,2707
tested positive,2656
covid19 pandemic,2435
coronavirus spread,2403
donald trump,2401
19 patients,2338
covid19 cases,2230
white house,2216
public health,2216
second wave,2183
room bar,2182
19 deaths,2150
spread air,2103
positive coronavirus,2066
due covid,2052
wear mask,2022
tests positive,1987
