gram,counts
covid 19 pandemic,5958
covid 19 cases,4931
href rel nofollow,3074
true href rel,3014
coronavirus covid 19,2769
covid 19 deaths,2766
rel nofollow twitter,2596
due covid 19,2468
covid 19 crisis,2425
covid 19 patients,2387
covid 19 via,2083
towards cashless society,2045
casos covid 19,1977
new covid 19,1926
covid 19 lockdown,1855
cashless society know,1772
positive covid 19,1639
amid covid 19,1554
new coronavirus cases,1543
nofollow twitter web,1529
covid 19 death,1442
fight covid 19,1358
cases covid 19,1356
covid 19 outbreak,1310
bbc news coronavirus,1282
twitter web app,1275
covid 19 di,1252
biggest political hoax,1137
hype biggest political,1128
