gram,counts
covid 19,181049
19 cases,6548
19 pandemic,6395
coronavirus covid19,5970
coronavirus pandemic,5845
coronavirus cases,5511
19 vaccine,5277
covid19 coronavirus,4576
new cases,3767
casos covid,3677
positive covid,3101
covid19 pandemic,2939
due covid,2847
new york,2781
nuevos casos,2753
serum institute,2665
new covid,2456
jaga jarak,2396
tested positive,2372
casos coronavirus,2344
coronavirus relief,2326
coronavirus vaccine,2259
amid coronavirus,2249
death toll,2142
protokol kesehatan,2112
pruebas gratuitas,2102
200 pruebas,2054
rape suspect,2044
160 000,2029
