gram,counts
covid 19,154637
19 pandemic,5931
19 vaccine,5466
19 cases,5376
protokol kesehatan,5345
coronavirus pandemic,5007
coronavirus vaccine,4610
chinese virologist,4493
coronavirus covid19,4038
coronavirus cases,3851
covid19 coronavirus,3817
donald trump,3358
herd mentality,3296
new cases,3246
intentionally released,3137
positive covid,2987
via youtube,2987
cdc director,2886
200 000,2824
herd immunity,2757
covid19 pandemic,2367
penyebaran covid,2326
released covid,2208
trump says,2206
white house,2174
tested positive,2161
li meng,2124
government intentionally,2078
public health,2072
