gram,counts
covid 19,209716
19 pandemic,8752
coronavirus pandemic,8674
coronavirus covid19,7177
19 cases,5810
covid19 coronavirus,5800
new normal,5705
100 000,5686
coronavirus cases,5313
new cases,4882
covid19 pandemic,3861
debt consolidation,3672
social distancing,3622
new york,3174
due covid,3090
19 patients,3074
planet apes,3062
19 crisis,3048
coronavirus covid,3010
19 deaths,2968
death toll,2950
nuevos casos,2887
nursing homes,2885
casos covid,2704
may 29,2665
positive covid,2569
due coronavirus,2502
new covid,2446
new coronavirus,2439
