gram,counts
covid 19 pandemic,8036
href rel nofollow,4204
covid 19 cases,4161
true href rel,4130
covid 19 crisis,3860
rel nofollow twitter,3514
covid 19 patients,3419
coronavirus covid 19,2974
pandemi covid 19,2819
due covid 19,2661
nofollow twitter web,2477
twitter web app,2142
covid 19 via,2033
covid 19 lockdown,2008
fight covid 19,1870
amid covid 19,1844
positive covid 19,1821
covid 19 relief,1767
covid 19 outbreak,1759
covid 19 response,1629
covid 19 deaths,1554
bbc news coronavirus,1505
covid 19 testing,1486
sign petition via,1483
casos covid 19,1481
masa pandemi covid,1469
covid 19 vaccine,1462
coronavirus task force,1419
new covid 19,1414
