gram,counts
covid 19,172792
100 000,10321
new york,9315
coronavirus pandemic,7877
coronavirus covid19,7155
19 pandemic,6062
york times,5932
coronavirus cases,5891
19 cases,5849
covid19 coronavirus,5719
dominic cummings,4999
new cases,4614
death toll,4534
social distancing,4504
front page,3900
nursing homes,3749
memorial day,3393
nuevos casos,3117
coronavirus lockdown,3048
stay home,3004
casos covid,2973
coronavirus covid,2913
19 deaths,2875
19 patients,2843
via youtube,2801
covid19 pandemic,2674
lives lost,2662
new coronavirus,2661
positive covid,2619
