gram,counts
covid 19,146128
200 000,6918
19 cases,5464
19 pandemic,5461
coronavirus cases,4728
coronavirus pandemic,4591
coronavirus covid19,3918
new cases,3754
covid19 coronavirus,3251
positive covid,2484
cdc says,2397
new covid,2343
casos covid,2242
coronavirus airborne,2228
covid19 pandemic,2223
public health,2067
nuevos casos,2067
19 deaths,1950
19 vaccine,1908
pandemi covid19,1873
tested positive,1793
airborne transmission,1770
due covid,1769
new coronavirus,1753
second wave,1751
protokol kesehatan,1686
died covid,1647
death toll,1575
casos coronavirus,1556
