gram,counts
covid 19,120390
19 cases,5614
19 pandemic,4182
coronavirus cases,3776
coronavirus pandemic,3307
coronavirus covid19,3050
positive covid,2901
new cases,2889
19 vaccine,2821
covid19 coronavirus,2604
protokol kesehatan,2019
herd immunity,1960
new covid,1917
pandemi covid,1834
coronavirus vaccine,1813
covid19 pandemic,1756
casos covid,1663
nuevos casos,1660
donald trump,1646
tested positive,1644
public health,1611
19 deaths,1559
19 test,1523
19 patients,1521
wear mask,1452
white house,1414
covid19 cases,1403
due covid,1386
new coronavirus,1380
