gram,counts
covid 19,179940
19 pandemic,7069
19 cases,6485
coronavirus pandemic,6160
19 vaccine,5337
coronavirus covid19,4861
coronavirus cases,4407
new cases,4107
covid19 coronavirus,3836
vacuna covid,3779
new zealand,3327
tested positive,2974
new covid,2971
death toll,2956
covid19 pandemic,2926
positive covid,2849
coronavirus vaccine,2757
nuevos casos,2718
19 deaths,2618
positive coronavirus,2557
due covid,2489
vacuna coronavirus,2461
casos covid,2435
public health,2404
new coronavirus,2392
chicken wings,2370
test positive,2189
coronavirus aid,2119
casos coronavirus,2113
