gram,counts
href rel nofollow,2630
true href rel,2586
covid 19 pandemic,2483
coronavirus covid 19,2237
rel nofollow twitter,2211
covid 19 cases,1717
nofollow twitter web,1450
due covid 19,1268
covid 19 outbreak,1265
twitter web app,1253
covid 19 crisis,1228
positive covid 19,1040
covid 19 via,1039
covid 19 coronavirus,1008
sign petition via,925
amid covid 19,915
fish tank cleaner,835
bbc news coronavirus,810
tests positive coronavirus,809
fight covid 19,770
du covid 19,725
covid 19 update,707
amid coronavirus pandemic,703
casos covid 19,698
tested positive coronavirus,664
cases covid 19,662
covid 19 virus,660
amid coronavirus outbreak,648
petition via change,643
