gram,counts
covid 19,209055
19 pandemic,7101
150 000,7073
louie gohmert,6834
19 cases,6790
wear mask,6558
coronavirus covid19,6312
coronavirus pandemic,6291
tests positive,5997
positive coronavirus,5929
coronavirus cases,5598
positive covid,4969
covid19 coronavirus,4959
new cases,4778
tested positive,4496
coronavirus deaths,4077
19 vaccine,3435
covid19 pandemic,3272
wearing mask,3065
due covid,2981
যর থমমত,2926
কর যর,2886
19 patients,2825
new covid,2813
casos covid,2788
nuevos casos,2775
death toll,2610
coronavirus vaccine,2581
refused wear,2577
