gram,counts
covid 19 pandemic,7443
covid 19 baksostnipolriutknegeri,4879
terdampak covid 19,4295
masyarakat yang terdampak,4270
yang terdampak covid,3850
href rel nofollow,3821
true href rel,3748
covid 19 crisis,3610
bakti sosial untuk,3384
covid 19 cases,3253
rel nofollow twitter,3252
covid 19 dapurumumtnipolri,3153
world health organization,2881
coronavirus covid 19,2846
due covid 19,2503
copy officials last,2301
officials last delivered,2301
deliver copy officials,2301
usps deliver copy,2300
signing support usps,2300
support usps deliver,2300
dapur umum untuk,2297
untuk masyarakat yang,2253
mendirikan dapur umum,2252
covid 19 patients,2193
nofollow twitter web,2174
pandemic covid 19,2155
umum untuk masyarakat,2096
bersinergi mendirikan dapur,2093
