gram,counts
covid 19 pandemic,6220
covid 19 cases,5186
href rel nofollow,3459
true href rel,3398
rel nofollow twitter,2834
coronavirus covid 19,2810
covid 19 deaths,2612
covid 19 crisis,2519
due covid 19,2246
covid 19 patients,2164
casos covid 19,1979
covid 19 via,1942
new covid 19,1901
covid 19 lockdown,1835
new coronavirus cases,1714
covid 19 death,1714
nofollow twitter web,1699
towards cashless society,1608
amid covid 19,1576
covid 19 di,1546
bbc news coronavirus,1546
positive covid 19,1498
cases covid 19,1482
fight covid 19,1420
twitter web app,1399
coronavirus death toll,1278
cashless society know,1239
new york times,1198
covid 19 outbreak,1140
