gram,counts
covid 19,146857
19 pandemic,6060
19 cases,6016
coronavirus pandemic,5247
coronavirus covid19,4512
coronavirus cases,4382
new cases,3507
covid19 coronavirus,3337
19 vaccine,2896
covid19 pandemic,2689
nuevos casos,2680
due covid,2482
casos covid,2375
new covid,2219
positive covid,2177
casos coronavirus,2053
protestagainstexamsincovid protestagainstexamsincovid,1924
covid19 cases,1832
public health,1781
social distancing,1780
coronavirus vaccine,1730
24 horas,1722
coronavirus covid,1719
tested positive,1710
due covid19,1690
21 agosto,1660
new coronavirus,1590
19 deaths,1581
blessing disguise,1539
