gram,counts
covid 19,195252
coronavirus cases,8590
19 cases,8523
coronavirus covid19,7797
19 pandemic,7579
coronavirus pandemic,6972
covid19 coronavirus,6281
new cases,5491
new coronavirus,4285
second wave,4188
social distancing,4148
nuevos casos,3632
covid19 pandemic,3522
casos covid,3298
new covid,3150
emergency use,3069
coronavirus outbreak,3024
covid19 cases,2809
due covid,2793
coronavirus covid,2765
positive covid,2762
tested positive,2743
new york,2632
casos coronavirus,2523
june 15,2455
public health,2401
wear mask,2274
test positive,2192
19 crisis,2174
