gram,counts
covid 19,118419
19 cases,4931
coronavirus covid19,3914
covid19 coronavirus,3734
coronavirus cases,3582
19 pandemic,3553
coronavirus pandemic,3413
new cases,3238
public health,2457
new zealand,2446
nuevos casos,2299
new covid,2150
170 000,2045
casos covid,2017
19 vaccine,2011
due covid,1904
positive covid,1806
new coronavirus,1744
death toll,1680
tested positive,1549
covid19 pandemic,1544
new york,1539
16 agosto,1537
casos coronavirus,1511
19 deaths,1478
due covid19,1473
covid19 cases,1444
coronavirus deaths,1427
coronavirus covid,1387
