gram,counts
covid 19 pandemic,9052
covid 19 cases,4975
href rel nofollow,4500
true href rel,4426
covid 19 baksosbersamatnipolri,4123
covid 19 crisis,3753
rel nofollow twitter,3712
never go away,3440
due covid 19,3366
pandemi covid 19,3305
may never go,3273
coronavirus covid 19,2890
nofollow twitter web,2672
covid 19 vaccine,2495
casos covid 19,2492
covid 19 patients,2461
twitter web app,2292
new covid 19,2098
covid 19 deaths,2093
covid 19 via,2090
di tengah pandemi,2062
coronavirus may never,2002
tengah pandemi covid,1944
terdampak covid 19,1883
bbc news coronavirus,1766
covid 19 response,1751
covid 19 testing,1696
covid 19 lockdown,1692
amid covid 19,1645
