gram,counts
charles tests positive,2855
prince charles tests,2837
covid 19 pandemic,2800
href rel nofollow,2799
true href rel,2754
tests positive coronavirus,2671
rel nofollow twitter,2354
coronavirus covid 19,2088
covid 19 cases,1771
positive covid 19,1693
nofollow twitter web,1583
white house senate,1410
help slow spread,1395
slow spread covid19,1387
twitter web app,1356
spread covid19 identify,1323
covid 19 crisis,1312
covid19 identify risk,1310
identify risk cases,1309
risk cases sooner,1301
cases sooner self,1289
tested positive coronavirus,1285
sooner self reporting,1278
self reporting symptoms,1252
due covid 19,1251
covid 19 outbreak,1247
reporting symptoms daily,1240
symptoms daily even,1235
covid 19 via,964
