gram,counts
covid 19,187063
coronavirus cases,10894
19 cases,9566
coronavirus pandemic,7409
19 pandemic,6883
coronavirus covid19,5992
new cases,5944
new york,5744
covid19 coronavirus,4084
positive covid,4009
wear mask,3676
new coronavirus,3552
casos covid,3323
positive coronavirus,3221
tested positive,3218
new covid,3091
covid19 pandemic,3068
social distancing,3059
nuevos casos,3014
due covid,2950
casos coronavirus,2906
covid19 cases,2848
test positive,2812
second wave,2775
19 testing,2712
stay home,2588
new jersey,2516
public health,2380
coronavirus covid,2301
