gram,counts
covid 19,197597
new zealand,11293
coronavirus covid19,7622
coronavirus pandemic,7258
19 pandemic,7235
19 cases,7164
covid19 coronavirus,6558
coronavirus cases,6382
new cases,5416
social distancing,4060
new york,3677
casos covid,3530
da covid,3436
covid19 pandemic,3395
spread coronavirus,3273
due covid,3035
death toll,2939
covid19 cases,2734
active cases,2713
asymptomatic spread,2639
nuevos casos,2592
19 crisis,2569
coronavirus covid,2548
new covid,2548
da saúde,2510
positive covid,2445
casos coronavirus,2371
pandemi covid,2323
24 horas,2312
