gram,counts
covid 19 pandemic,7375
covid 19 cases,3900
covid 19 crisis,3252
href rel nofollow,3177
true href rel,3102
rel nofollow twitter,2554
due covid 19,2528
coronavirus covid 19,2329
covid 19 patients,2032
covid 19 lockdown,1844
covid 19 deaths,1771
nofollow twitter web,1742
amid covid 19,1670
covid 19 via,1568
fight covid 19,1567
bbc news coronavirus,1562
twitter web app,1479
positive covid 19,1437
new covid 19,1387
covid 19 outbreak,1336
covid 19 testing,1289
covid 19 vaccine,1099
covid 19 death,1055
covid 19 di,1032
impact covid 19,1009
covid 19 response,1004
cases covid 19,994
pandemi covid 19,983
casos covid 19,958
