gram,counts
covid 19,112546
19 cases,5403
coronavirus cases,4092
19 pandemic,3915
new cases,3581
coronavirus covid19,3264
protokol kesehatan,3178
100 000,2999
new covid,2775
covid19 coronavirus,2717
new coronavirus,2550
north dakota,2500
000 new,2150
positive covid,2129
coronavirus pandemic,2124
patuhi protokol,2049
tetap patuhi,1965
died covid,1921
baru covid,1920
salah satunya,1900
kesehatan guna,1897
guna pencegahan,1884
terdapat aturan,1878
cluster baru,1875
aturan dalam,1874
dalam pilkadaamandansehat,1874
pilkadaamandansehat salah,1874
satunya tetap,1874
pencegahan cluster,1874
