gram,counts
covid 19,235971
100 000,13978
coronavirus pandemic,10519
19 pandemic,9489
coronavirus covid19,7979
covid19 coronavirus,6569
19 cases,6108
new cases,5703
death toll,5181
coronavirus cases,4884
nursing homes,4549
covid19 pandemic,4408
coronavirus deaths,4360
new york,4061
19 crisis,4003
19 deaths,3755
social distancing,3548
coronavirus covid,3439
due covid,3324
coronavirus crisis,3262
nuevos casos,3211
casos covid,3205
may 27,3181
19 patients,3133
via youtube,2987
due coronavirus,2922
news coronavirus,2797
bbc news,2788
dominic cummings,2753
