gram,counts
covid 19,149386
coronavirus cases,6113
19 cases,5912
coronavirus covid19,5727
coronavirus pandemic,5259
covid19 coronavirus,4891
death toll,4856
new cases,4534
19 pandemic,4428
social distancing,3423
nuevos casos,3093
casos covid,3015
400 000,2920
george floyd,2848
covid19 cases,2627
new coronavirus,2515
new covid,2375
coronavirus deaths,2364
da covid,2261
coronavirus lockdown,2256
24 hours,2238
casos coronavirus,2187
coronavirus covid,2156
new york,2138
covid19 pandemic,2089
24 horas,2063
lives matter,1980
black lives,1896
due covid,1852
