gram,counts
covid 19,198055
coronavirus cases,10142
19 cases,9492
19 pandemic,6803
coronavirus covid19,6256
coronavirus pandemic,6204
new cases,5398
dr fauci,4941
covid19 coronavirus,4881
new york,4753
hong kong,4512
wear mask,4332
positive covid,4291
white house,3839
tested positive,3709
19 vaccine,3306
casos covid,3183
new coronavirus,3053
new covid,3050
social distancing,2894
covid19 pandemic,2834
covid19 cases,2806
nuevos casos,2797
due covid,2693
19 patients,2630
coronavirus deaths,2507
casos coronavirus,2491
covid_19 covid19,2417
positive coronavirus,2406
