gram,counts
covid 19 pandemic,5881
covid 19 cases,5690
href rel nofollow,3153
true href rel,3082
new covid 19,2831
rel nofollow twitter,2645
casos covid 19,2602
covid 19 patients,2453
covid 19 crisis,2394
covid 19 deaths,2142
coronavirus covid 19,2017
positive covid 19,1909
due covid 19,1892
covid 19 vaccine,1847
covid 19 lockdown,1672
nofollow twitter web,1557
covid 19 via,1528
new coronavirus cases,1517
covid 19 death,1486
bbc news coronavirus,1482
covid 19 response,1467
covid 19 di,1394
cases covid 19,1354
twitter web app,1309
covid 19 testing,1273
últimas 24 horas,1219
amid covid 19,1207
da covid 19,1114
covid 19 coronavirus,1073
