gram,counts
covid 19,141261
19 cases,6030
coronavirus pandemic,5025
coronavirus cases,4885
coronavirus covid19,4540
tested positive,4204
new cases,4067
tests positive,4000
amit shah,3956
positive covid,3940
19 pandemic,3891
positive coronavirus,3708
covid19 coronavirus,3495
reducereimburse reducenittuitionfees,3119
19 vaccine,3012
home minister,2898
hrdministry drrpnishank,2744
drrpnishank pmoindia,2657
white house,2498
get well,2459
well soon,2392
nuevos casos,2369
state disaster,2301
covid_19 coronavirus,2192
casos covid,2148
coronavirus deaths,2128
coronavirus vaccine,2104
mhrd covid19,2101
death toll,2070
