gram,counts
covid 19,122577
19 cases,5375
19 pandemic,4309
coronavirus covid19,3318
covid19 coronavirus,3106
coronavirus cases,3014
new cases,2969
coronavirus pandemic,2897
pilkada serentak,2820
dari covid19,2666
aturan baru,2651
aturan aturan,2646
akan ada,2642
nanti akan,2639
ada aturan,2639
baru demi,2639
serentak nanti,2638
petugas dari,2638
yuk dibaca,2638
demi menghindarkan,2635
menghindarkan petugas,2634
covid19 yuk,2634
19 vaccine,2567
positive covid,2515
election day,2056
new covid,2018
covid19 pandemic,1768
donald trump,1742
nuevos casos,1716
