gram,counts
covid 19,161833
porn usa,14710
usa football,14710
football covid19,14703
19 cases,6346
coronavirus cases,5606
19 pandemic,5388
herd immunity,4997
coronavirus covid19,4581
died covid,4442
19 sukseskan3mbersamapolri,4405
covid19 coronavirus,3960
19 deaths,3853
coronavirus pandemic,3728
new cases,3631
19 vaccine,3437
penyebaran covid,3114
jaga jarak,3001
americans died,2877
casos covid,2468
19 numbers,2431
covid19 pandemic,2417
nuevos casos,2404
positive covid,2385
new covid,2332
white house,2277
public health,2272
casos coronavirus,2246
covid19 vmas,2182
