gram,counts
covid 19,126968
19 cases,7429
coronavirus cases,5141
new cases,4976
19 pandemic,4482
100 000,4139
new covid,3806
coronavirus covid19,3758
covid19 coronavirus,3363
new coronavirus,3021
000 new,2810
coronavirus pandemic,2734
positive covid,2462
19 vaccine,2310
covid19 cases,2194
due covid,2082
single day,2020
covid19 pandemic,1953
nuevos casos,1939
casos covid,1927
tested positive,1734
first time,1573
11 2020,1528
public health,1504
november 2020,1499
wear mask,1486
coronavirus covid,1461
24 horas,1402
casos coronavirus,1344
