gram,counts
covid 19,162491
19 vaccine,21131
pfizer biontech,5886
pfizer covid,5643
coronavirus vaccine,5240
19 pandemic,5079
19 cases,4708
covid19 vaccine,4454
19 vaccines,3667
allergic reactions,3470
coronavirus covid19,3402
covid19 coronavirus,3147
biontech covid,3083
health canada,3035
approves pfizer,3016
positive covid,2952
new cases,2741
coronavirus pandemic,2730
19 relief,2410
covid19 pandemic,2337
new covid,2219
white house,2014
tested positive,1950
wear mask,1944
coronavirus cases,1924
pfizer vaccine,1915
public health,1913
19 deaths,1809
vacuna covid,1785
