gram,counts
covid 19,203826
coronavirus cases,9459
19 cases,9373
19 pandemic,8483
coronavirus pandemic,7137
coronavirus covid19,5958
new cases,5601
covid19 coronavirus,4978
positive covid,3425
wear mask,3336
due covid,3331
covid19 pandemic,3311
casos covid,3242
tested positive,3214
nuevos casos,3122
new coronavirus,2954
covid19 cases,2864
new covid,2829
public health,2582
social distancing,2540
casos coronavirus,2532
19 deaths,2451
coronavirus deaths,2443
coronavirus covid,2407
new york,2332
diosdado cabello,2293
via youtube,2182
positive coronavirus,2167
19 crisis,2142
