gram,counts
covid 19,172057
coronavirus covid19,6727
coronavirus pandemic,6322
19 pandemic,5733
19 cases,5691
new cases,4973
covid19 coronavirus,4861
social distancing,4745
coronavirus cases,4644
personal loan,3994
loan companies,3993
companies 2020,3890
death toll,3258
nuevos casos,3147
100 000,2874
best personal,2861
see best,2766
coronavirus covid,2729
porn usa,2701
new covid,2686
casos covid,2652
new york,2647
covid19 pandemic,2609
positive covid,2574
positive coronavirus,2424
coronavirus lockdown,2398
george floyd,2352
19 patients,2298
tested positive,2268
