gram,counts
covid 19,188693
white house,22732
president trump,13988
positive covid,10321
donald trump,10222
tests positive,8023
infected covid19,7832
professional mask,7181
mask purchasing,7181
trump infected,7159
tested positive,7133
united states,6491
kayleigh mcenany,6043
positive coronavirus,5914
walter reed,5904
press secretary,5421
trump covid,5279
covid19 crazy,5128
comfortable wear,4941
19 cases,4916
fda approved,4916
google searches,4875
doctor recommended,4869
approved used,4867
great buy,4867
recommended professional,4866
purchasing channels,4866
wear fda,4866
buy masks,4866
