gram,counts
covid 19,199813
19 cases,10323
coronavirus cases,9167
19 pandemic,7425
coronavirus pandemic,6859
coronavirus covid19,6111
new cases,5873
hong kong,5458
covid19 coronavirus,4536
chinese virologist,4296
cover up,4146
wear mask,3709
accuses beijing,3677
coronavirus cover,3562
covid19 pandemic,3538
flees hong,3538
new coronavirus,3442
beijing coronavirus,3423
positive covid,3415
virologist accuses,3355
new covid,3332
up flees,3232
treat whistleblowers,3213
tested positive,3198
know treat,3177
casos covid,3154
kong know,3128
covid19 cases,3108
nuevos casos,3044
