gram,counts
covid 19,96750
19 vaccine,5376
nueva cepa,3226
19 cases,2883
new covid,2859
coronavirus covid19,2498
new coronavirus,2470
19 pandemic,2411
covid19 coronavirus,2240
new cases,2001
coronavirus variant,1851
coronavirus pandemic,1744
coronavirus cases,1716
relief bill,1689
19 vaccines,1663
reino unido,1656
coronavirus vaccine,1626
19 variant,1611
19 relief,1591
new strain,1496
cepa coronavirus,1448
casos covid,1407
cases covid,1322
nuevos casos,1298
vacunas covid,1267
vacuna covid,1218
stay safe,1158
coronavirus covid,1154
covid19 pandemic,1130
