gram,counts
covid 19,155477
19 vaccine,11833
19 cases,6599
19 pandemic,6026
coronavirus covid19,4211
coronavirus vaccine,4062
covid19 coronavirus,3973
coronavirus cases,3482
coronavirus pandemic,3143
90 effective,2967
new cases,2940
covid19 vaccine,2863
positive covid,2687
new covid,2651
public health,2507
stay home,2392
wear mask,2276
vaccine 90,2237
oxford covid,2215
covid19 pandemic,2162
19 vaccines,2136
due covid,2128
tested positive,2064
university oxford,2030
highly effective,2008
oxford astrazeneca,1852
stay safe,1838
astrazeneca covid,1814
19 testing,1800
