gram,counts
covid 19,147946
19 vaccine,11379
19 cases,6836
coronavirus vaccine,6187
19 pandemic,4923
coronavirus cases,3829
task force,3669
coronavirus covid19,3551
new cases,3475
coronavirus pandemic,3116
covid19 coronavirus,2973
new covid,2915
joe biden,2834
covid19 vaccine,2682
19 patients,2655
wear mask,2482
mental illness,2365
positive covid,2265
pfizer covid,2194
president elect,2170
covid19 pandemic,2160
coronavirus task,2151
public health,1919
90 effective,1867
vacuna covid,1846
due covid,1846
pfizer biontech,1840
biden coronavirus,1830
new coronavirus,1828
