gram,counts
covid 19,160661
hong kong,5967
19 pandemic,5835
19 cases,5715
coronavirus covid19,4919
new york,4741
coronavirus pandemic,4485
covid19 coronavirus,4006
coronavirus cases,3970
positive covid,3739
19 vaccine,3672
new cases,3613
swamyji_helpjeeneet swamyji_helpjeeneet,3542
usain bolt,3015
covid19 pandemic,2691
nuevos casos,2681
coronavirus vaccine,2455
casos covid,2399
new covid,2366
tests positive,2360
primer caso,2266
due covid,2254
tested positive,2243
donald trump,2217
positive coronavirus,2207
convalescent plasma,2205
jerry seinfeld,2148
plasma treatment,1995
casos coronavirus,1889
