gram,counts
covid 19,144237
19 cases,8553
coronavirus cases,7625
19 pandemic,4979
new cases,4967
almost nothing,4509
donald trump,4467
19 deaths,4210
coronavirus covid19,4047
covid19 coronavirus,3932
coronavirus pandemic,3538
new covid,3090
new coronavirus,2893
trump jr,2827
positive covid,2466
covid19 cases,2375
covid19 pandemic,2345
000 new,2299
united states,2172
wear mask,2162
nuevos casos,2158
19 patients,2148
public health,2003
casos covid,1995
protokol kesehatan,1939
virus covid,1852
90 000,1847
due covid,1826
19 vaccine,1822
