gram,counts
covid 19,103062
19 cases,4710
coronavirus cases,3907
new cases,3581
coronavirus covid19,3447
coronavirus pandemic,3085
19 vaccine,2908
19 pandemic,2756
covid19 coronavirus,2503
coronavirus vaccine,2315
new coronavirus,2046
nuevos casos,1984
positive covid,1956
19 test,1926
new covid,1876
covid19 cases,1740
casos covid,1661
tested positive,1661
protokol kesehatan,1630
social distancing,1584
covid19 pandemic,1535
tests positive,1506
test kits,1487
donald trump,1371
24 hours,1312
coronavirus covid,1283
19 deaths,1269
new york,1261
death toll,1253
