gram,counts
covid 19,202333
19 cases,12727
coronavirus cases,12418
19 pandemic,7725
coronavirus pandemic,7125
new cases,6890
coronavirus covid19,6849
covid19 coronavirus,5695
wear mask,5230
new covid,4350
new york,4163
positive covid,3931
single day,3882
new coronavirus,3865
covid19 cases,3762
social distancing,3611
covid19 pandemic,3576
casos covid,3491
nuevos casos,3282
due covid,3281
tested positive,3011
casos coronavirus,2947
impact covid,2894
19 testing,2822
wear masks,2797
test positive,2791
public health,2771
dead people,2565
united states,2457
