gram,counts
covid 19,186279
19 cases,7396
coronavirus cases,7120
coronavirus pandemic,6971
19 pandemic,6944
coronavirus covid19,6403
new cases,4665
covid19 coronavirus,4350
social distancing,3818
19 vaccine,3215
wear mask,3113
nuevos casos,3072
casos covid,2969
covid19 pandemic,2924
due covid,2894
positive covid,2801
19 patients,2647
new covid,2582
via youtube,2502
dnc dncwarroom,2500
07 2020,2497
passs386 s386,2482
casos coronavirus,2476
durbinliesimmigrantsdie passs386,2476
s386 dnc,2467
new york,2227
tested positive,2206
covid19 cases,2205
public health,2193
