gram,counts
covid 19,144173
19 vaccine,8839
19 cases,7935
coronavirus cases,4840
19 pandemic,4401
new covid,3687
coronavirus vaccine,3605
coronavirus covid19,3537
new cases,3449
coronavirus pandemic,3236
covid19 coronavirus,3208
new york,2821
11 11,2775
wear mask,2626
white house,2236
11 2020,2172
positive covid,2137
new coronavirus,2127
task force,2003
due covid,1991
covid19 cases,1989
covid19 vaccine,1917
covid19 pandemic,1897
joe biden,1787
nuevos casos,1758
casos covid,1669
public health,1665
19 restrictions,1641
tested positive,1639
