gram,counts
covid 19,162779
coronavirus cases,8977
test positive,8628
19 cases,7981
positive coronavirus,7786
new cases,6920
positive covid,6785
tulsa rally,6469
tested positive,5745
coronavirus pandemic,5727
trump campaign,5558
coronavirus covid19,5538
19 pandemic,4859
covid19 coronavirus,4433
trump rally,4342
campaign staffers,4044
casos covid,3427
one day,3367
wear mask,3366
social distancing,3217
cases covid,3142
nuevos casos,3140
covid19 cases,3061
six trump,2738
casos coronavirus,2641
new coronavirus,2627
new covid,2562
000 new,2379
staffers test,2252
