gram,counts
covid 19,121461
19 cases,4599
protokol kesehatan,4397
19 pandemic,4195
coronavirus cases,3479
coronavirus covid19,3023
coronavirus pandemic,2847
covid19 coronavirus,2777
new cases,2710
19 vaccine,2605
pandemi covid,2578
kesehatan menjadi,2281
mata rantai,2258
memutus mata,2241
saat ini,2218
menerapkan protokol,2198
rantai covid,2121
kita dalam,2098
19 hingga,2089
belum juga,2088
dalam menerapkan,2086
hingga saat,2085
ini belum,2085
juga berakhir,2085
kesadaran kita,2084
menjadi kunci,2082
dan kesadaran,2081
covid19 pandemic,2035
kunci utama,1884
