gram,counts
covid 19,199609
coronavirus cases,9117
19 cases,8245
19 pandemic,8006
coronavirus pandemic,6744
coronavirus covid19,6219
new cases,4967
covid19 coronavirus,4380
due covid,3648
casos covid,3573
19 vaccine,3569
new york,3484
nuevos casos,3429
covid19 pandemic,3339
social distancing,3325
white house,3314
positive covid,3157
casos coronavirus,3054
new coronavirus,2916
wear mask,2879
coronavirus vaccine,2846
new covid,2759
tested positive,2645
public health,2593
covid19 cases,2573
bill gates,2512
via youtube,2380
24 horas,2375
19 deaths,2351
