gram,counts
covid 19 pandemic,9275
covid 19 cases,5042
href rel nofollow,4537
true href rel,4438
covid 19 crisis,3820
rel nofollow twitter,3739
covid 19 patients,3467
due covid 19,3145
coronavirus covid 19,3110
nofollow twitter web,2595
covid 19 deaths,2579
pandemi covid 19,2536
twitter web app,2228
covid 19 via,2145
casos covid 19,2053
covid 19 death,1925
covid 19 testing,1904
covid 19 outbreak,1855
coronavirus death toll,1853
amid covid 19,1835
covid 19 lockdown,1810
positive covid 19,1762
fight covid 19,1657
new covid 19,1631
covid 19 vaccine,1531
covid 19 di,1505
bbc news coronavirus,1466
covid 19 bersamapolribantuwarga,1425
covid 19 response,1404
