gram,counts
trying times share,4249
italy trying times,4229
stand italy trying,4228
times share support,4223
share support italian,4217
support italian friends,4215
italian friends colleagues,4196
tests positive coronavirus,1966
href rel nofollow,1959
true href rel,1913
coronavirus covid 19,1766
rel nofollow twitter,1703
covid 19 pandemic,1476
covid 19 cases,1336
help stop spread,1322
stop spread coronavirus,1297
things help stop,1222
five things help,1208
tested positive coronavirus,1162
positive covid 19,1070
nofollow twitter web,980
test positive coronavirus,931
twitter web app,845
due covid 19,815
sign petition via,808
covid 19 outbreak,783
covid 19 mass,752
19 mass testing,748
mass testing ph,729
