gram,counts
covid 19 pandemic,5020
tests positive coronavirus,3318
covid 19 cases,3046
coronavirus covid 19,3011
johnson tests positive,2970
href rel nofollow,2867
boris johnson tests,2832
true href rel,2798
rel nofollow twitter,2471
tested positive coronavirus,2351
positive covid 19,2329
prime minister boris,2154
minister boris johnson,2145
covid 19 crisis,2028
covid 19 outbreak,1972
due covid 19,1859
virus covid 19,1655
nofollow twitter web,1622
twitter web app,1424
covid 19 aksiberantascovid19,1391
fight covid 19,1371
uk prime minister,1291
covid 19 patients,1220
amid covid 19,1215
covid 19 coronavirus,1215
us saudi coalition,1201
sign petition via,1168
bbc news coronavirus,1142
covid 19 virus,1128
