gram,counts
covid 19,140954
19 cases,6849
19 pandemic,5219
coronavirus cases,5190
coronavirus pandemic,4227
covid19 coronavirus,4124
coronavirus covid19,3895
dr fauci,3081
new cases,2976
white house,2766
19 vaccine,2669
donald trump,2514
new covid,2320
covid19 pandemic,2313
herd immunity,2255
public health,2212
40 million,2116
wear mask,2036
task force,2005
casos covid,1973
positive covid,1968
19 patients,1964
nuevos casos,1851
covid19 cases,1797
19 10,1777
protokol kesehatan,1775
new coronavirus,1757
new york,1727
casos coronavirus,1677
