gram,counts
covid 19,108297
19 cases,5693
19 vaccine,4575
coronavirus cases,3872
new cases,3374
19 pandemic,3034
coronavirus covid19,2873
covid19 coronavirus,2713
new york,2619
wear mask,2504
positive covid,2395
new covid,2356
coronavirus pandemic,2290
coronavirus vaccine,1905
tested positive,1808
new coronavirus,1757
stay home,1720
14 11,1502
covid19 cases,1436
public health,1406
nuevos casos,1389
due covid,1378
casos covid,1367
tests positive,1327
via youtube,1260
covid19 pandemic,1250
united states,1245
11 2020,1232
elon musk,1224
