gram,counts
covid 19 pandemic,6903
href rel nofollow,3491
covid 19 cases,3451
true href rel,3411
coronavirus covid 19,2897
rel nofollow twitter,2877
covid 19 crisis,2806
covid 19 patients,2224
due covid 19,2115
nofollow twitter web,1835
amid covid 19,1704
fight covid 19,1647
covid 19 via,1636
covid 19 outbreak,1609
covid 19 deaths,1589
twitter web app,1577
bbc news coronavirus,1567
positive covid 19,1423
casos covid 19,1407
covid 19 lockdown,1340
coronavirus task force,1315
covid 19 coronavirus,1303
coronavirus death toll,1278
sign petition via,1225
covid 19 death,1191
new york city,1160
covid 19 virus,1093
du covid 19,1074
coronavirus new york,1074
