gram,counts
covid 19,194961
19 pandemic,8094
coronavirus pandemic,7524
coronavirus covid19,6570
19 cases,5889
coronavirus cases,5586
covid19 coronavirus,5233
new cases,4719
social distancing,4144
covid19 pandemic,3609
george floyd,3550
due covid,3119
new york,2950
death toll,2801
casos covid,2786
coronavirus deaths,2702
coronavirus covid,2622
19 crisis,2600
19 patients,2569
public health,2560
nuevos casos,2555
due coronavirus,2495
black lives,2418
new coronavirus,2380
lives matter,2323
covid19 cases,2286
da covid,2277
new covid,2242
tested positive,2181
