gram,counts
covid 19,197842
coronavirus cases,8642
19 cases,8351
19 pandemic,7444
coronavirus covid19,7322
coronavirus pandemic,6930
covid19 coronavirus,5432
new cases,5038
new covid,3710
covid19 pandemic,3497
nuevos casos,3466
new coronavirus,3355
positive covid,3244
casos covid,3243
tested positive,3184
wear mask,3171
social distancing,3015
due covid,2847
new york,2735
covid19 cases,2666
coronavirus covid,2655
19 crisis,2638
casos coronavirus,2623
contact tracing,2621
coronavirus outbreak,2470
public health,2378
19 patients,2343
positive coronavirus,2299
death toll,2235
