gram,counts
covid 19 pandemic,4412
putus penyebaran covid,3103
mudik tidak piknik,3034
piknik dan tidak,3033
tidak piknik dan,3033
dan tidak panik,3030
diri sendiri dan,2949
berada di rumah,2948
sendiri dan keluarga,2947
dan keluarga dengan,2941
dengan berada di,2940
keluarga dengan berada,2939
covid 19lindungi diri,2904
19lindungi diri sendiri,2904
penyebaran covid 19lindungi,2904
di rumah sajatidak,2897
rumah sajatidak mudik,2896
sajatidak mudik tidak,2896
covid 19 cases,2833
tidak panik lebihbaikdirumahaja,2830
tests positive coronavirus,2739
href rel nofollow,2626
coronavirus covid 19,2592
true href rel,2580
rel nofollow twitter,2323
covid 19 crisis,2242
covid 19 patients,2137
bbc news coronavirus,2078
fight covid 19,2041
