gram,counts
covid 19,188778
coronavirus cases,10867
19 cases,9911
coronavirus covid19,6736
19 pandemic,6565
coronavirus pandemic,6262
new cases,5616
wear mask,4977
covid19 coronavirus,4594
positive covid,4114
social distancing,3716
death rate,3629
new covid,3428
tested positive,3311
new coronavirus,3237
19 patients,3215
casos covid,3115
covid19 cases,2966
nuevos casos,2947
19 vaccine,2880
covid19 pandemic,2835
positive coronavirus,2755
coronavirus patients,2547
casos coronavirus,2484
due covid,2457
coronavirus outbreak,2410
study finds,2404
coronavirus covid,2342
public health,2318
