gram,counts
covid 19,176117
white house,14634
donald trump,8170
19 pandemic,5874
positive covid,5730
19 cases,5590
tested positive,5194
task force,4995
president trump,4802
coronavirus pandemic,4424
mike pence,4324
coronavirus cases,4101
coronavirus covid19,4023
positive coronavirus,3867
covid19 coronavirus,3755
coronavirus task,3695
tests positive,3559
trump coronavirus,3479
new cases,3057
pink eye,2903
trump covid,2852
trump administration,2841
19 vaccine,2835
coronavirus relief,2591
new covid,2421
public health,2413
american people,2409
kamala harris,2396
covid19 pandemic,2343
