gram,counts
covid 19,163041
19 vaccine,11200
new covid,4984
19 pandemic,4615
19 cases,4414
luke letlow,3979
congressman elect,3597
nueva cepa,3465
coronavirus covid19,3295
covid19 coronavirus,3227
new coronavirus,3130
19 variant,3082
coronavirus variant,3012
coronavirus vaccine,2959
elect luke,2923
coronavirus pandemic,2894
19 relief,2806
new cases,2721
000 covid,2718
19 vaccines,2614
new year,2497
first case,2436
covid19 vaccine,2414
coronavirus cases,2389
positive covid,2346
kamala harris,2325
dies covid,2302
letlow dies,2012
tested positive,2001
