gram,counts
covid 19,209488
19 pandemic,8086
coronavirus pandemic,7826
coronavirus covid19,7290
19 cases,5794
covid19 coronavirus,5230
social distancing,5151
new cases,4725
coronavirus cases,4716
covid19 pandemic,3776
19 crisis,3586
due covid,3477
pandemi covid,3298
new normal,3140
di tengah,3137
tengah pandemi,3004
casos covid,2824
george floyd,2778
public health,2708
nuevos casos,2628
protokol kesehatan,2610
porn usa,2579
coronavirus crisis,2567
due covid19,2563
coronavirus covid,2555
new york,2552
boris johnson,2531
june 2020,2509
death toll,2442
