gram,counts
covid 19,200078
19 cases,7925
19 pandemic,7327
coronavirus covid19,7100
coronavirus pandemic,7059
covid19 coronavirus,5603
coronavirus cases,5428
19 vaccine,5374
coronavirus vaccine,4793
new cases,4686
wear mask,3817
get worse,3812
white house,3791
positive covid,3787
covid19 pandemic,3503
coronavirus briefing,3262
new york,3234
donald trump,3075
tested positive,3064
nuevos casos,3009
casos covid,3005
gets better,2993
due covid,2973
new covid,2919
worse gets,2874
new coronavirus,2661
covid19 cases,2643
vacuna covid,2614
via youtube,2554
