gram,counts
covid 19,122249
19 vaccine,6176
19 cases,4966
19 pandemic,4342
pelaksanaan pilkada,3820
protokol kesehatan,3523
coronavirus covid19,3470
black friday,2900
coronavirus cases,2891
covid19 coronavirus,2776
wargasehatpilkadaamanjalin persatuan,2700
coronavirus vaccine,2635
new cases,2614
coronavirus pandemic,2501
covid19 polri,2484
due covid,2412
pilkada serentak,2233
new covid,2200
penyebaran covid,2118
jalin persatuan,2117
pandemi covid19,2028
positive covid,2016
saat pilkada,1981
selama pandemi,1927
dalam pelaksanaan,1925
dengan tetap,1920
memperhatikan 3m,1902
3m selama,1902
polri dan,1871
