gram,counts
covid 19,201547
19 cases,8645
positive covid,6952
19 pandemic,6725
coronavirus pandemic,6694
coronavirus covid19,6174
coronavirus cases,5831
19 vaccine,5154
national security,4918
covid19 coronavirus,4846
tests positive,4750
new cases,4386
positive coronavirus,4369
tested positive,4129
test positive,3774
security adviser,3764
coronavirus vaccine,3622
due covid,3228
trump national,3134
coronavirus outbreak,3076
robert brien,3073
casos covid,3022
white house,2944
via youtube,2922
covid19 pandemic,2864
wear mask,2858
nuevos casos,2768
social distancing,2689
19 outbreak,2583
