gram,counts
covid 19,159830
cristiano ronaldo,11907
amp johnson,7371
johnson amp,7328
19 vaccine,5678
19 cases,5298
19 pandemic,5086
positive covid,4798
covid19 coronavirus,4597
coronavirus covid19,4383
tested positive,4236
tests positive,4172
positive coronavirus,4046
coronavirus cases,4026
coronavirus pandemic,3820
unexplained illness,3580
herd immunity,3510
vaccine trial,3457
donald trump,3354
new cases,3177
positivo covid,2902
ronaldo tests,2841
positivo coronavirus,2722
coronavirus vaccine,2385
new covid,2216
covid19 pandemic,2177
eli lilly,2089
white house,2042
nuevos casos,1983
