gram,counts
covid 19 pandemic,3477
medical masks available,3440
masks available 19,3438
coronavirus specific medical,3438
available 19 99,3438
specific medical masks,3438
covid 19 cases,2675
coronavirus covid 19,2660
href rel nofollow,2246
true href rel,2190
rel nofollow twitter,1942
fight covid 19,1545
tests positive coronavirus,1503
covid 19 crisis,1493
covid 19 outbreak,1412
positive covid 19,1404
sign petition via,1354
covid 19 patients,1339
due covid 19,1293
derrotar coronavirus derrotar,1181
coronavirus derrotar coronavirus,1154
covid 19 test,1107
tested positive coronavirus,1098
nofollow twitter web,1060
covid 19 via,1019
covid 19 coronavirus,985
cases covid 19,958
covid 19 virus,944
bbc news coronavirus,921
