gram,counts
covid 19,202295
coronavirus pandemic,12079
19 cases,9191
coronavirus cases,8703
novak djokovic,8697
19 pandemic,7688
positive coronavirus,7435
coronavirus covid19,7202
us saudi,6927
tested positive,6204
new cases,5660
saudi coalition,5619
positive covid,5449
covid19 coronavirus,4902
test positive,4732
tests positive,3959
social distancing,3852
fight coronavirus,3592
आय दव,3586
fuel tankers,3345
covid19 pandemic,3301
casos covid,3261
coronavirus testing,3222
दव जय_क,3172
जय_क ल_श,3172
wear mask,3127
casos coronavirus,3065
nuevos casos,3051
due covid,3027
