gram,counts
covid 19,133301
19 cases,5588
19 pandemic,5010
coronavirus cases,4384
coronavirus covid19,4238
coronavirus pandemic,3614
death toll,3572
covid19 coronavirus,3558
new cases,3476
new covid,2960
new coronavirus,2823
nuevos casos,2266
covid19 pandemic,2211
task force,2175
casos covid,2101
one million,2094
19 vaccine,1976
facing eviction,1784
positive covid,1775
funding help,1764
petition calling,1761
emergency funding,1760
clear coronavirus,1758
help clear,1757
public health,1756
help renters,1754
signed petition,1753
providing emergency,1753
renters facing,1750
