gram,counts
covid 19 pandemic,6544
covid 19 cases,6044
covid 19 patients,3342
href rel nofollow,3320
true href rel,3250
rel nofollow twitter,2735
new covid 19,2664
due covid 19,2627
covid 19 deaths,2585
coronavirus covid 19,2545
casos covid 19,2521
covid 19 crisis,2365
covid 19 vaccine,2308
covid 19 via,2034
bbc news coronavirus,1795
positive covid 19,1793
covid 19 lockdown,1740
died covid 19,1692
nofollow twitter web,1615
covid 19 testing,1540
cases covid 19,1536
covid 19 response,1532
coronavirus death toll,1425
new coronavirus cases,1414
fight covid 19,1411
amid covid 19,1405
da covid 19,1397
covid 19 di,1380
covid 19 death,1377
