gram,counts
covid 19 pandemic,5872
covid 19 cases,5275
href rel nofollow,3117
true href rel,3043
rel nofollow twitter,2649
positive covid 19,2532
coronavirus covid 19,2447
covid 19 patients,2404
covid 19 deaths,2341
new covid 19,2288
vonderleyen lagarde amp,2063
lagarde amp regsprecher,2031
due covid 19,2014
happy mother day,2011
casos covid 19,1992
covid 19 crisis,1801
bbc news coronavirus,1707
covid 19 lockdown,1652
new coronavirus cases,1641
nofollow twitter web,1624
covid 19 via,1604
vonderleyen lagarde regsprecher,1585
covid 19 death,1572
pandemi covid 19,1509
covid 19 response,1381
cases covid 19,1379
twitter web app,1365
covid 19 outbreak,1305
covid 19 di,1305
