gram,counts
covid 19,114084
football covid19,45440
porn usa,45424
usa football,45424
19 cases,4832
coronavirus cases,4240
coronavirus covid19,3319
19 pandemic,3192
new cases,3118
coronavirus pandemic,2935
penyebaran covid,2867
pussy porn,2728
positive covid,2499
covid19 coronavirus,2357
19 pakaimaskerutksemua,2255
new covid,2231
tested positive,2224
nuevos casos,2141
1trenggalek thearieair,2052
social distancing,1932
19 deaths,1890
test positive,1858
coronavirus covid,1793
rantai penyebaran,1764
casos covid,1758
died covid,1739
putus rantai,1637
via youtube,1632
pandemi covid,1620
