gram,counts
covid 19,195147
coronavirus cases,9650
19 cases,9613
coronavirus covid19,7271
19 pandemic,6833
coronavirus pandemic,6035
new cases,6001
covid19 coronavirus,5710
wear mask,4388
19 vaccine,3952
tested positive,3747
positive covid,3713
public health,3514
white house,3393
new covid,3327
casos covid,3094
new coronavirus,2956
covid19 cases,2894
nuevos casos,2883
covid19 pandemic,2883
coronavirus vaccine,2814
new york,2705
casos coronavirus,2655
due covid,2524
social distancing,2511
test results,2356
via youtube,2246
red zone,2245
19 death,2146
