gram,counts
covid 19 pandemic,4816
covid 19 dengan,3165
melakukan penyemprotan disinfektan,2990
href rel nofollow,2858
true href rel,2791
coronavirus covid 19,2720
dan instansi terkait,2641
instansi terkait lainya,2614
covid 19 cases,2577
memerangi covid 19,2503
rel nofollow twitter,2429
secara massal dan,2355
penyemprotan disinfektan secara,2354
dengan melakukan penyemprotan,2344
disinfektan secara massal,2336
19 dengan melakukan,2330
massal dan serentak,2287
perangi covid 19,2241
covid 19 crisis,2222
terkait lainya bersinergi,2205
bersinergi perangi covid,2191
lainya bersinergi perangi,2186
dari berbagai pihak,2159
kerjasama dari berbagai,2157
ini tni polri,2143
hari ini tni,2132
covid 19 diperlukan,2125
diperlukan kerjasama dari,2124
pihak hari ini,2124
