gram,counts
covid 19,134256
19 pandemic,6135
19 cases,4869
positive covid,4653
kamala harris,4037
positive coronavirus,3983
coronavirus cases,3906
coronavirus pandemic,3483
herd immunity,3436
coronavirus covid19,3370
tested positive,3339
test positive,3149
new cases,3058
covid19 coronavirus,2549
donald trump,2263
19 vaccine,2197
tests positive,2132
new covid,2047
covid19 pandemic,2017
couvre feu,1901
white house,1899
casos covid,1859
public health,1837
trump administration,1822
social distancing,1814
joe biden,1728
nuevos casos,1724
new coronavirus,1709
19 test,1687
