gram,counts
covid 19,189871
coronavirus cases,9123
19 cases,9121
coronavirus pandemic,6291
19 pandemic,6111
coronavirus covid19,5681
nick cordero,4749
covid19 coronavirus,4685
new cases,4555
positive covid,4227
tested positive,4211
wear mask,3438
herd immunity,3418
new covid,3197
death toll,2993
130 000,2979
casos covid,2933
covid19 cases,2917
new coronavirus,2839
new york,2778
due covid,2757
positive coronavirus,2713
covid19 pandemic,2659
social distancing,2609
nuevos casos,2501
donald trump,2474
white house,2461
19 deaths,2287
casos coronavirus,2227
