gram,counts
covid 19 pandemic,6638
covid 19 cases,3732
href rel nofollow,3558
true href rel,3475
covid 19 crisis,3200
rel nofollow twitter,3038
coronavirus covid 19,2758
covid 19 patients,2604
due covid 19,2412
coronavirus death toll,2103
jenazah covid 19,1985
nofollow twitter web,1936
covid 19 ayoikutiaturan,1924
covid 19 deaths,1839
covid 19 via,1792
amid covid 19,1753
fight covid 19,1675
twitter web app,1659
covid 19 lockdown,1583
covid 19 outbreak,1560
bbc news coronavirus,1532
stay at home,1493
covid 19 di,1419
covid 19 death,1359
death toll 50,1345
casos covid 19,1326
positive covid 19,1296
new covid 19,1292
covid 19 testing,1279
