gram,counts
covid 19,115846
white house,8416
new cases,5504
19 cases,4975
coronavirus cases,4694
mental health,4543
donald trump,4218
19 pandemic,3554
cases covid,3229
coronavirus covid19,2948
000 new,2923
first time,2880
50 000,2827
covid19 coronavirus,2800
per day,2616
coronavirus pandemic,2545
president trump,2541
time since,2442
mid august,2371
since mid,2369
19 diagnosis,2348
19 per,2293
day first,2277
reporting 50,2256
us reporting,2252
19 test,2184
chris christie,2162
positive covid,2122
tested positive,2065
