gram,counts
covid 19,205438
white house,21626
donald trump,11296
president trump,10421
positive covid,8829
penyebaran covid,8763
tested positive,7640
tests positive,7340
jaga jarak,6970
stephen miller,6894
positive coronavirus,5278
19 cases,5225
19 pandemic,4717
19 relief,4410
pandemi covid,4232
coronavirus covid19,4215
covid19 coronavirus,4110
dimanapun kalian,4018
protokol kesehatan,3987
mengurangi penyebaran,3918
langkah efektif,3910
efektif mengurangi,3908
coronavirus pandemic,3889
trump covid,3849
jarak dimanapun,3844
kalian berada,3778
dengan melakukan,3723
wear mask,3705
di tengah,3509
