gram,counts
covid 19,123239
19 cases,6996
coronavirus cases,5480
new cases,4367
19 pandemic,4127
mark meadows,4008
white house,3984
coronavirus covid19,3411
new covid,3268
covid19 coronavirus,2891
chief staff,2877
tested positive,2654
positive covid,2643
coronavirus pandemic,2456
protokol kesehatan,2378
new coronavirus,2210
pandemi covid,2092
nuevos casos,2009
covid19 cases,1974
positive coronavirus,1945
staff mark,1926
000 new,1908
casos covid,1898
due covid,1874
wear mask,1850
covid19 pandemic,1831
19 vaccine,1678
tests positive,1667
100 000,1632
