gram,counts
covid 19,165355
19 cases,7913
19 vaccine,6661
19 pandemic,5622
coronavirus cases,4901
coronavirus covid19,4400
250 000,4389
covid19 coronavirus,4169
coronavirus pandemic,3550
new cases,3322
stay home,3256
task force,2979
coronavirus vaccine,2845
wear mask,2757
new covid,2738
white house,2656
covid19 pandemic,2553
positive covid,2511
public health,2440
greatest hoax,2185
hoax ever,2180
19 deaths,2166
fight covid19,2155
ever perpetrated,2153
coronavirus task,2139
due covid,2124
new york,2091
unsuspecting public,2063
covid19 cases,2038
