gram,counts
covid 19,164781
19 cases,8468
19 pandemic,6503
coronavirus pandemic,4635
coronavirus cases,4506
coronavirus covid19,4483
modiji_postponejeeneet modiji_postponejeeneet,3951
covid19 coronavirus,3707
new cases,3657
university alabama,3253
usain bolt,3205
hong kong,3162
nuevos casos,3061
covid19 pandemic,2937
positive covid,2884
19 vaccine,2722
pmoindia narendramodi,2545
new covid,2506
alabama reports,2505
tested positive,2484
casos covid,2454
narendramodi pmoindia,2448
due covid,2382
neet jee,2315
positive coronavirus,2262
tests positive,2254
jee neet,2175
cases since,2140
coronavirus vaccine,1991
