gram,counts
covid 19 pandemic,9216
covid 19 cases,6590
covid 19 crisis,3462
due covid 19,3425
casos covid 19,3299
covid 19 deaths,2737
covid 19 patients,2684
covid 19 vaccine,2561
coronavirus covid 19,2559
new covid 19,2303
covid 19 via,2209
covid 19 testing,1872
positive covid 19,1844
36 000 lives,1766
amid covid 19,1723
covid 19 outbreak,1701
new coronavirus cases,1645
da covid 19,1613
covid 19 response,1591
least 36 000,1590
impact covid 19,1559
covid 19 lockdown,1545
covid 19 test,1479
fight covid 19,1458
bbc news coronavirus,1429
pandemia covid 19,1419
covid 19 di,1360
cases covid 19,1336
covid 19 death,1313
