gram,counts
covid 19,205265
19 pandemic,8025
coronavirus covid19,7526
coronavirus pandemic,7313
19 cases,6167
covid19 coronavirus,5570
new cases,4982
social distancing,4503
coronavirus cases,4441
pandemi covid,3974
covid19 pandemic,3734
death toll,3355
due covid,3273
george floyd,3187
casos covid,3153
new coronavirus,3133
19 crisis,3022
nuevos casos,2869
porn usa,2825
coronavirus covid,2644
new covid,2629
public health,2623
new york,2581
meaning behind,2577
casos coronavirus,2542
june 2020,2486
coronavirus crisis,2392
due coronavirus,2358
due covid19,2288
