gram,counts
covid 19 pandemic,5117
covid 19 cases,4155
world together home,3085
one world together,3054
coronavirus covid 19,2761
href rel nofollow,2666
covid 19 crisis,2654
true href rel,2619
rel nofollow twitter,2302
due covid 19,1976
covid 19 deaths,1951
covid 19 patients,1915
together home special,1894
fight covid 19,1715
stay at home,1669
covid 19 outbreak,1623
celebrate covid 19,1447
covid 19 workers,1443
covid 19 via,1419
special celebrate covid,1417
home special celebrate,1416
covid 19 lockdown,1414
nofollow twitter web,1400
positive covid 19,1396
amid covid 19,1338
casos covid 19,1327
bbc news coronavirus,1317
covid 19 di,1303
new covid 19,1302
