gram,counts
covid 19,111181
white house,6844
19 cases,6051
chief staff,5659
coronavirus cases,5354
positive coronavirus,5189
test positive,5016
mike pence,4748
task force,4604
positive covid,4163
coronavirus covid19,3387
vice president,3201
tested positive,3166
covid19 coronavirus,3142
19 pandemic,3135
new cases,3128
donald trump,3006
así contagia,2914
contagia coronavirus,2899
coronavirus task,2894
salón bar,2848
coronavirus aire,2846
bar clase,2841
coronavirus pandemic,2806
going control,2794
clase así,2793
control pandemic,2512
new covid,2504
tests positive,2496
