gram,counts
covid 19,150712
19 vaccine,7962
19 cases,6263
19 pandemic,5746
coronavirus covid19,3942
covid19 coronavirus,3600
coronavirus pandemic,3271
coronavirus cases,3076
new cases,2934
coronavirus vaccine,2755
new covid,2650
19 vaccines,2490
positive covid,2240
public health,2203
covid19 pandemic,2176
covid19 vaccine,2069
due covid,2025
stay home,1987
wear mask,1970
casos covid,1850
24 11,1763
nuevos casos,1696
stay safe,1657
tested positive,1638
covid19 cases,1602
coronavirus covid,1568
19 testing,1521
19 deaths,1468
white house,1435
