gram,counts
covid 19,115108
19 cases,4122
coronavirus cases,3927
19 pandemic,3629
coronavirus covid19,3546
coronavirus pandemic,3391
new cases,3023
covid19 coronavirus,2805
19 vaccine,2706
casos covid,2384
nuevos casos,2164
positive covid,2107
new covid,2026
new coronavirus,1924
public health,1746
casos coronavirus,1673
15 agosto,1612
death toll,1605
due covid,1583
tested positive,1583
19 deaths,1575
covid19 pandemic,1546
coronavirus covid,1514
social distancing,1504
coronavirus vaccine,1471
independence day,1430
bill gates,1392
new york,1288
covid19 cases,1263
