gram,counts
covid 19,104245
19 vaccine,14842
coronavirus vaccine,4200
19 cases,3048
white house,2724
19 vaccines,2471
19 pandemic,2299
pfizer biontech,2107
covid19 coronavirus,2086
coronavirus pandemic,2053
covid19 vaccine,2016
new cases,2013
positive covid,2012
coronavirus covid19,1940
vaccine us,1844
pfizer covid,1804
trucks carrying,1782
new covid,1736
first trucks,1720
coronavirus cases,1517
casos covid,1464
pfizer facility,1453
carrying covid,1451
300 000,1441
charley pride,1440
first covid,1420
wear mask,1408
covid19 pandemic,1373
left pfizer,1373
