gram,counts
covid 19,153314
200 000,8712
19 pandemic,5401
19 cases,5239
19 vaccine,4494
coronavirus covid19,3985
coronavirus cases,3847
covid19 coronavirus,3819
coronavirus pandemic,3613
new cases,3513
coronavirus vaccine,3407
amp johnson,3154
johnson amp,3151
positive covid,2913
rand paul,2889
covid19 pandemic,2553
tested positive,2508
dr fauci,2496
new covid,2401
penyebaran covid,2376
nuevos casos,2309
death toll,2304
herd immunity,2219
due covid,2206
casos covid,2177
19 deaths,2139
donald trump,2135
coronavirus deaths,2115
new coronavirus,2042
