gram,counts
covid 19,136683
19 pandemic,5158
19 cases,4578
19 vaccine,4328
coronavirus covid19,4227
coronavirus pandemic,3887
coronavirus cases,3452
coronavirus vaccine,3283
new cases,2950
covid19 coronavirus,2751
19 deaths,2474
effort develop,2265
nuevos casos,2127
due covid,2109
casos covid,2099
covid19 pandemic,2063
positive covid,2044
who linked,1993
join who,1974
died covid,1916
global effort,1857
public health,1832
herd immunity,1827
new covid,1802
white house,1777
death toll,1755
new york,1702
casos coronavirus,1608
tested positive,1570
