gram,counts
covid 19,140231
19 pandemic,5917
19 cases,5174
coronavirus cases,4724
coronavirus pandemic,4186
coronavirus covid19,3938
new cases,3778
covid19 coronavirus,3211
19 vaccine,3203
donald trump,2540
200 000,2384
covid19 pandemic,2305
nuevos casos,2238
due covid,2137
positive covid,2102
new covid,2065
protokol kesehatan,2025
public health,1966
tested positive,1924
new york,1837
casos covid,1813
people died,1780
19 deaths,1760
american people,1720
new coronavirus,1696
covid19 cases,1689
coronavirus outbreak,1639
000 americans,1634
died covid,1607
