gram,counts
deliver copy officials,3743
officials last delivered,3742
copy officials last,3742
act deliver copy,3680
must act deliver,3680
signing must act,3680
covid 19 pandemic,3493
coronavirus covid 19,2413
covid 19 cases,2395
href rel nofollow,2168
true href rel,2123
rel nofollow twitter,1908
positive covid 19,1416
covid 19 crisis,1413
fight covid 19,1380
covid 19 patients,1309
due covid 19,1305
covid 19 outbreak,1235
covid 19 via,1127
nofollow twitter web,1114
covid 19 coronavirus,1055
sign petition via,1035
tests positive coronavirus,1014
coronavirus death toll,1000
covid 19 virus,992
twitter web app,948
coronavirus task force,913
new york times,902
cases covid 19,878
