gram,counts
covid 19 pandemic,6739
covid 19 cases,3740
href rel nofollow,3583
true href rel,3511
covid 19 crisis,3231
rel nofollow twitter,2977
coronavirus covid 19,2819
covid 19 patients,2775
trump suggests injecting,2412
suggests injecting disinfectant,2314
bbc news coronavirus,2268
due covid 19,2183
nofollow twitter web,2097
covid 19 via,2015
twitter web app,1796
injecting disinfectant treatment,1692
fight covid 19,1624
amid covid 19,1566
treat covid 19,1544
casos covid 19,1494
covid 19 outbreak,1480
covid 19 lockdown,1479
covid 19 vaccine,1460
bleach coronavirus cure,1460
coronavirus death toll,1446
coronavirus cure wrote,1374
covid 19 response,1367
covid 19 relief,1367
new covid 19,1355
