gram,counts
covid 19,146007
19 cases,7363
coronavirus cases,6688
coronavirus covid19,5769
coronavirus pandemic,5141
covid19 coronavirus,4810
19 pandemic,4250
new cases,4180
tested positive,3478
get well,3425
well soon,3410
nuevos casos,2865
second wave,2773
social distancing,2757
death toll,2741
new coronavirus,2683
new covid,2638
positive coronavirus,2604
casos covid,2553
covid19 cases,2524
positive covid,2494
coronavirus covid,2451
casos coronavirus,2402
shahid afridi,2361
new york,2353
covid19 pandemic,2131
tests positive,2111
due covid,1837
casos confirmados,1715
