gram,counts
covid 19 pandemic,9582
covid 19 cases,5180
href rel nofollow,4447
true href rel,4357
rel nofollow twitter,3568
covid 19 crisis,3457
covid 19 patients,3377
coronavirus covid 19,3154
due covid 19,3069
pressure israel endgazablockade,2797
urging pressure israel,2797
israel endgazablockade amid,2667
nofollow twitter web,2519
positive covid 19,2452
covid 19 deaths,2384
covid 19 via,2318
casos covid 19,2201
tested positive coronavirus,2146
twitter web app,2145
covid 19 testing,2086
new covid 19,1939
amid covid 19,1934
amid covid19 pandemic,1933
towards cashless society,1895
endgazablockade amid covid19,1849
bbc news coronavirus,1835
covid 19 lockdown,1829
covid 19 response,1813
covid 19 outbreak,1762
