gram,counts
covid 19,199392
press conference,7322
19 pandemic,6788
coronavirus covid19,6604
19 cases,6222
coronavirus pandemic,6181
covid19 coronavirus,5771
donald trump,5506
capitol hill,5263
viral video,5159
coronavirus cases,4399
coronavirus press,4340
new cases,4316
doctors capitol,4168
hill coronavirus,4155
video doctors,4127
19 vaccine,4103
google youtube,4011
trump jr,4001
youtube twitter,3747
19 misinformation,3676
facebook google,3530
twitter censor,3502
censor viral,3470
positive covid,3438
covid19 pandemic,3362
new covid,3199
via breitbartnews,3155
due covid,3138
