gram,counts
covid 19,103171
protokol kesehatan,6321
200 000,4352
19 cases,3893
penyebaran covid,3770
19 mausehatpakaimasker,3256
new cases,3129
coronavirus covid19,2864
19 pandemic,2747
patuhi protokol,2675
thearieair tjhinfar21,2633
coronavirus cases,2391
coronavirus pandemic,2309
covid19 coronavirus,2276
1trenggalek thearieair,2071
dari covid,2002
death toll,1918
memakai masker,1848
nuevos casos,1832
second wave,1618
casos covid,1605
new covid,1602
19 vaccine,1579
virus covid,1567
positive covid,1540
salah satu,1494
penanganan covid,1425
mencuci tangan,1402
cegah penyebaran,1394
