gram,counts
covid 19,141506
19 pandemic,5785
19 cases,5142
coronavirus pandemic,4421
coronavirus covid19,4296
coronavirus cases,3821
new cases,3557
19 vaccine,3286
covid19 coronavirus,3085
nuevos casos,2769
positive covid,2661
covid19 pandemic,2280
due covid,2250
casos covid,2242
new covid,2145
casos coronavirus,2104
24 horas,2015
tested positive,1927
public health,1901
coronavirus vaccine,1695
20 agosto,1657
new coronavirus,1640
últimas 24,1593
social distancing,1589
19 deaths,1588
new york,1582
coronavirus covid,1527
due covid19,1510
covid19 cases,1472
