gram,counts
covid 19,204127
19 cases,7943
19 pandemic,7431
coronavirus cases,7177
coronavirus pandemic,6932
19 vaccine,6527
coronavirus covid19,6469
covid19 coronavirus,5537
new cases,5153
new york,4553
coronavirus vaccine,4191
positive covid,3687
covid19 pandemic,3570
wear mask,3285
casos covid,3217
due covid,3086
nuevos casos,3019
new covid,2921
casos coronavirus,2867
white house,2810
tested positive,2628
public health,2612
donald trump,2592
19 testing,2550
via youtube,2546
new coronavirus,2526
pfizer biontech,2491
get worse,2430
social distancing,2417
