gram,counts
covid 19,131411
19 vaccine,11578
nueva cepa,11311
reino unido,10264
new coronavirus,6289
cepa coronavirus,6204
new strain,5309
new covid,4988
19 cases,3631
19 pandemic,3159
coronavirus strain,3100
coronavirus vaccine,3002
coronavirus covid19,2988
19 relief,2803
covid19 coronavirus,2733
coronavirus variant,2642
19 vaccines,2387
nueva variante,2370
flights uk,2355
900 billion,2350
new variant,2338
new cases,2331
relief package,2315
vuelos reino,2191
covid19 vaccine,2165
coronavirus relief,2148
royaume uni,2057
strain coronavirus,2036
coronavirus pandemic,2019
