gram,counts
rantai covid 19,11005
covid 19 mari,10623
covid 19 pandemic,6678
penyebaran covid 19,6127
covid 19 ikutiaturancegahcorona,5880
mata rantai covid,5718
memutus mata rantai,5652
untuk memutus mata,5603
berupaya untuk memutus,5427
keras dan berupaya,5426
tengah bekerja keras,5426
bekerja keras dan,5426
dan berupaya untuk,5426
bangsa tengah bekerja,5426
elemen bangsa tengah,5426
seluruh elemen bangsa,5425
dan seluruh elemen,5424
mari kita dukung,5382
mencegah penyebaran covid,5378
untuk mencegah penyebaran,5367
aturan untuk mencegah,5351
19 mari kita,5336
kita dukung segala,5329
mengikuti aturan untuk,5325
dengan mengikuti aturan,5324
dukung segala usahanya,5322
kebijakan yang telah,5315
mengikuti kebijakan yang,5314
bekerjasama dengan mengikuti,5314
