gram,counts
covid 19,101465
white house,6330
19 cases,5509
mark meadows,5089
chief staff,5049
coronavirus cases,3944
joe biden,3773
new cases,3432
positive covid,3246
tests positive,3090
positive coronavirus,2978
task force,2965
19 pandemic,2826
coronavirus covid19,2683
tested positive,2672
staff mark,2664
covid19 coronavirus,2324
new covid,2303
pandemi covid,2223
house chief,2222
trump chief,2152
new coronavirus,2125
coronavirus pandemic,2106
donald trump,2041
president elect,1919
wear mask,1675
protokol kesehatan,1636
social distancing,1562
coronavirus task,1541
