gram,counts
covid 19,123019
19 cases,4500
convalescent plasma,4185
19 deaths,4132
deaths acceptable,3749
coronavirus cases,3710
19 pandemic,3535
pro life,3478
coronavirus covid19,3438
coronavirus pandemic,3323
19 polriajakpatuhiprokes,3258
new cases,3131
covid19 coronavirus,2894
protokol kesehatan,2826
plasma treatment,2805
majority republicans,2788
number covid,2786
republicans believe,2754
cbs poll,2637
poll finds,2503
19 vaccine,2484
believe number,2477
positive covid,2416
mata rantai,2410
emergency authorization,2382
acceptable cbs,2356
rantai covid,2205
coronavirus vaccine,2193
nuevos casos,2174
