gram,counts
covid 19,106506
19 cases,4220
coronavirus cases,4003
coronavirus covid19,3503
19 pandemic,3397
new cases,3117
covid19 coronavirus,2913
joe biden,2880
coronavirus pandemic,2757
donald trump,2719
200 000,2308
19 lockdown,2151
cases surge,2103
19 vaccine,2074
nuevos casos,1955
second nationwide,1940
israel imposes,1928
nationwide covid,1876
imposes second,1876
lockdown cases,1864
coronavirus vaccine,1792
trump coronavirus,1782
cegah covid,1733
new covid,1729
casos covid,1700
untuk cegah,1597
patuhiprokespadapilkada untuk,1587
social distancing,1449
000 americans,1440
