gram,counts
covid 19,155171
football covid19,22137
porn usa,22134
usa football,22134
19 cases,5788
19 pandemic,5456
coronavirus cases,4734
coronavirus covid19,4299
1trenggalek thearieair,4247
coronavirus pandemic,4179
penyebaran covid,3966
protokol kesehatan,3688
new cases,3568
positive covid,3507
covid19 coronavirus,3306
19 disiplin3mbersamapolri,2890
tested positive,2883
test positive,2871
thearieair tjhinfar21,2852
white house,2820
new covid,2680
nuevos casos,2645
tjhinfar21 1802_kimmi,2591
covid19 pandemic,2572
social distancing,2339
19 vaccine,2324
positive coronavirus,2261
casos covid,2226
1802_kimmi raninggalek,2212
