gram,counts
penyebaran covid 19,9266
covid 19 pandemic,8663
covid 19 partisipasicegahcovid19,5977
covid 19 cases,5169
covid 19 dengan,5160
href rel nofollow,4163
true href rel,4092
cegah penyebaran covid,3586
tests positive coronavirus,3558
rel nofollow twitter,3434
19 dengan menggunakan,3332
dengan menggunakan masker,3291
positive covid 19,3230
covid 19 crisis,3178
coronavirus covid 19,3155
due covid 19,3111
menjalankan kebijakan pemerintah,3052
memutuskan penyebaran covid,3051
pemerintah adalah partisipasi,3050
partisipasi besar kita,3050
adalah partisipasi besar,3050
dalam menjalankan kebijakan,3050
dalam membantu memutuskan,3050
kita dalam membantu,3050
kebijakan pemerintah adalah,3050
besar kita dalam,3050
membantu memutuskan penyebaran,3050
disiplin dalam menjalankan,3044
covid 19 patients,2853
