gram,counts
memerangi covid 19,17705
covid 19 polmascegahcovid19,15869
pandemi covid 19,8671
covid 19 pandemic,8260
menangkal covid 19,7966
dalam menangkal covid,7794
partisipasi dalam menangkal,7685
bentuk partisipasi dalam,7677
adalah bentuk partisipasi,7675
masyarakat adalah bentuk,7565
kedisiplinan masyarakat adalah,7449
covid 19 dan,7225
untuk memerangi covid,6768
sangat diperlukan untuk,6758
diperlukan untuk memerangi,6757
kedisiplinan sangat diperlukan,6757
19 dan itu,6754
dan itu harus,6754
itu harus tertanam,6753
harus tertanam kuat,6752
kuat dalam diri,6751
tertanam kuat dalam,6750
dan kedisiplinan sangat,6748
dalam diri setiap,6746
diri setiap insan,6739
setiap insan bumi,6739
insan bumi pertiwi,6725
persatuan dan kedisiplinan,6554
bumi pertiwi polmascegahcovid19,6525
