gram,counts
covid 19,156183
19 cases,8510
coronavirus cases,7079
19 pandemic,5245
white house,4318
coronavirus covid19,4029
new cases,3927
covid19 coronavirus,3669
coronavirus pandemic,3628
protokol kesehatan,3460
19 vaccine,3234
new covid,2955
penyebaran covid,2725
positive covid,2693
donald trump,2573
covid19 pandemic,2211
libur panjang,2187
casos covid,2128
tested positive,2120
new coronavirus,2119
covid19 cases,2096
19 palliatives,2053
wear mask,2043
nuevos casos,1986
19 deaths,1893
public health,1884
united states,1880
dengan tetap,1876
225 000,1731
