gram,counts
covid 19,114422
19 cases,9176
coronavirus cases,5101
30 000,3435
white house,3424
coronavirus covid19,3340
new cases,3318
19 pandemic,3154
trump rallies,3137
covid19 coronavirus,3135
coronavirus pandemic,2885
new covid,2656
donald trump,2630
due covid,2452
19 deaths,2318
700 deaths,2258
president trump,2180
schools colleges,2052
burhan kuzu,1899
campaign rallies,1796
increase covid,1768
boris johnson,1714
new coronavirus,1702
reclose schools,1688
due increase,1683
100 000,1671
colleges due,1669
covid19 cases,1606
petition reclose,1604
