gram,counts
covid 19,109311
19 vaccine,4853
19 cases,4826
coronavirus cases,4376
19 pandemic,3750
coronavirus covid19,3267
new covid,2826
covid19 coronavirus,2711
new cases,2586
coronavirus pandemic,2540
coronavirus vaccine,2174
donald trump,1965
stay home,1842
wear mask,1837
huntington beach,1771
tested positive,1662
positive covid,1660
11 2020,1610
19 vaccines,1476
coronavirus covid,1451
new york,1432
public health,1393
22 11,1379
nuevos casos,1377
kelly loeffler,1373
covid19 cases,1356
19 deaths,1334
covid19 covid,1302
19 test,1283
