gram,counts
covid 19,178941
19 cases,6772
coronavirus pandemic,6758
coronavirus cases,6638
19 pandemic,6204
coronavirus covid19,5991
covid19 coronavirus,4750
new cases,4210
dr fauci,4204
positive covid,3821
19 vaccine,3494
hong kong,3184
new coronavirus,3176
covid19 pandemic,3025
social distancing,2934
wear mask,2875
coronavirus vaccine,2874
nuevos casos,2860
herman cain,2774
casos covid,2757
new covid,2755
positive coronavirus,2719
tested positive,2702
public health,2558
due covid,2549
test positive,2514
immigrantsdiewhendurbinlies unblocks386,2468
via youtube,2457
coronavirus deaths,2368
