gram,counts
covid 19,88664
19 cases,4033
coronavirus covid19,2943
19 pandemic,2843
coronavirus cases,2649
coronavirus pandemic,2611
new cases,2567
covid19 coronavirus,2184
new covid,1903
nuevos casos,1760
200 000,1475
casos covid,1474
new coronavirus,1334
positive covid,1235
19 vaccine,1212
death toll,1189
covid19 pandemic,1177
19 deaths,1173
casos coronavirus,1090
new york,1081
covid19 cases,1074
social distancing,1065
protokol kesehatan,1063
tested positive,1004
coronavirus covid,998
24 horas,979
via youtube,976
53 000,976
due covid,960
