gram,counts
covid 19,107901
19 cases,4221
protokol kesehatan,3919
19 pandemic,3364
coronavirus cases,3347
pandemi covid,3232
coronavirus covid19,2931
new cases,2729
new covid,2498
covid19 coronavirus,2328
coronavirus pandemic,2291
19 ini,2263
thearieair tjhinfar21,2196
1trenggalek thearieair,2192
adalah kunci,2119
kepatuhan kita,2118
kita melaksanakan,2118
melaksanakan prokes,2118
prokes adalah,2118
kunci mengakhiri,2118
mengakhiri pandemi,2118
ini pilkadasehatpatuhprokes,2082
200 000,1975
19 deaths,1888
tjhinfar21 kepatuhan,1776
nuevos casos,1754
19 vaccine,1643
new coronavirus,1630
new york,1494
