gram,counts
covid 19,153944
19 vaccine,18019
coronavirus vaccine,4885
19 pandemic,4762
covid19 vaccine,3821
19 cases,3821
19 vaccines,3601
coronavirus covid19,3261
covid19 coronavirus,3059
coronavirus pandemic,2612
new covid,2376
covid19 pandemic,2371
300 000,2363
new cases,2223
health care,2217
positive covid,2204
due covid,2073
get covid,2071
public health,1879
19 relief,1780
casos covid,1779
new york,1770
first covid,1766
pfizer biontech,1724
coronavirus cases,1717
moderna covid,1716
tom cruise,1702
new coronavirus,1694
stay safe,1640
