gram,counts
covid 19,188950
19 cases,6794
19 pandemic,6728
coronavirus pandemic,6391
coronavirus covid19,6034
coronavirus cases,5913
positive covid,5192
covid19 coronavirus,4983
tested positive,4077
new cases,4008
white house,3166
19 vaccine,3116
tests positive,2793
nuevos casos,2791
casos covid,2764
positive coronavirus,2758
coronavirus vaccine,2746
covid19 pandemic,2658
new covid,2621
new york,2598
due covid,2519
public health,2393
via youtube,2315
19 patients,2264
casos coronavirus,2258
new coronavirus,2247
19 test,2244
19 deaths,2227
social distancing,2217
