gram,counts
covid 19,163866
200 000,20943
19 pandemic,6091
19 cases,6001
death toll,5830
protokol kesehatan,5629
boris johnson,5346
coronavirus pandemic,5022
coronavirus cases,4448
virtually nobody,4369
coronavirus covid19,4076
september 2020,3789
19 deaths,3787
affects virtually,3634
new cases,3616
covid19 coronavirus,3579
pilkada serentak,3338
21 september,3302
000 people,3281
tested positive,3274
000 americans,3252
dalam pelaksanaan,3182
kesehatan dalam,3169
pelaksanaan pilkada,3078
coronavirus deaths,3064
19 vaccine,3045
new covid,2994
serentak 2020,2985
people died,2936
