gram,counts
covid 19,167268
19 pandemic,8439
19 cases,7653
coronavirus cases,6191
positive covid,4842
coronavirus pandemic,4558
white house,4518
coronavirus covid19,4441
covid19 coronavirus,4131
new cases,3689
justin turner,3646
tested positive,3012
19 vaccine,2657
19 covid,2645
new covid,2633
19 deaths,2525
covid19 pandemic,2509
donald trump,2483
jared kushner,2474
country back,2474
positive coronavirus,2455
back doctors,2344
public health,2248
world series,2237
casos covid,2212
nuevos casos,2061
19 test,2053
ending covid,2036
covid19 cases,2012
