gram,counts
covid 19 pandemic,5722
covid 19 cases,4258
covid 19 patients,3743
href rel nofollow,3060
true href rel,2984
coronavirus covid 19,2843
rel nofollow twitter,2627
covid 19 crisis,2200
bbc news coronavirus,2012
due covid 19,1988
covid 19 lockdown,1747
covid 19 via,1707
covid 19 deaths,1605
coronavirus death toll,1570
nofollow twitter web,1561
casos covid 19,1537
fight covid 19,1500
new covid 19,1438
covid 19 coronavirus,1380
amid covid 19,1344
positive covid 19,1337
twitter web app,1325
towards cashless society,1321
covid 19 vaccine,1284
covid 19 outbreak,1234
covid 19 death,1178
bleach coronavirus cure,1164
recovered covid 19,1163
coronavirus cure wrote,1138
