gram,counts
penyebaran covid 19,16571
covid 19 dengan,12254
cegah penyebaran covid,8352
19 dengan menggunakan,8134
dengan menggunakan masker,8110
covid 19 partisipasicegahcovid19,7544
covid 19 pandemic,6148
covid 19 cases,5436
menggunakan masker partisipasicegahcovid19,4853
19 dengan tetap,3732
dengan tetap dirumah,3713
mencegah penyebaran covid,3676
stay safe stay,3648
tetap dirumah saja,3582
berpartisipasi mencegah penyebaran,3575
ayo berpartisipasi mencegah,3557
dirumah saja dan,3556
safe stay home,3553
dan menunda mudik,3552
menunda mudik stay,3552
mudik stay safe,3552
saja dan menunda,3552
pandemi covid 19,3528
stay home partisipasicegahcovid19,3367
href rel nofollow,3349
true href rel,3283
memutuskan penyebaran covid,3215
membantu memutuskan penyebaran,3212
dalam membantu memutuskan,3212
