gram,counts
covid 19,148412
19 vaccine,11612
patuhi prokes,10083
covid19 patuhi,8272
tnipolrijaganatarucegah covid19,7435
tahun baru,6804
dan tahun,5831
relief bill,5050
19 relief,5003
protokol kesehatan,4417
19 pandemic,4068
natal dan,3587
new covid,3519
19 cases,3414
libur natal,3401
nueva cepa,3370
coronavirus covid19,3152
reino unido,3070
coronavirus relief,3056
new coronavirus,2925
covid19 coronavirus,2810
south africa,2594
19 vaccines,2535
coronavirus pandemic,2499
coronavirus vaccine,2459
tahun 2020,2447
2020 dan,2433
cegah covid19,2426
covid19 vaccine,2395
