gram,counts
covid 19,158864
tested positive,6000
19 pandemic,5609
19 cases,5358
coronavirus covid19,4785
covid19 coronavirus,4201
coronavirus cases,4085
coronavirus pandemic,3712
zlatan ibrahimovic,3672
positive zlatan,3585
penyebaran covid,3554
new cases,3471
200 000,3241
19 vaccine,3208
new covid,3024
protokol kesehatan,2908
nhs covid,2892
salah satu,2744
19 di,2672
19 app,2574
covid19 pandemic,2439
nuevos casos,2386
coronavirus vaccine,2356
positive covid,2335
casos covid,2181
positive coronavirus,2101
due covid,2069
new coronavirus,2049
new york,1991
