gram,counts
covid 19,113510
19 cases,4701
coronavirus pandemic,4521
coronavirus cases,4004
coronavirus covid19,3789
19 pandemic,3681
new cases,3356
covid19 coronavirus,3127
coronavirus vaccine,2823
19 vaccine,2361
nuevos casos,2348
new covid,1985
casos covid,1981
800 000,1900
mata rantai,1807
death toll,1751
positive covid,1736
covid19 pandemic,1731
two years,1573
covid19 cases,1519
rantai covid,1519
casos coronavirus,1481
22 agosto,1457
due covid,1451
24 horas,1451
19 polriajakpatuhiprokes,1432
coronavirus covid,1415
new coronavirus,1395
social distancing,1376
