gram,counts
covid 19,172596
19 vaccine,16091
nueva cepa,14431
reino unido,10052
new coronavirus,8693
cepa coronavirus,8466
new covid,7252
new strain,7115
coronavirus strain,5127
19 relief,5062
relief bill,4968
coronavirus vaccine,4642
coronavirus relief,4611
19 cases,4414
joe biden,4327
19 pandemic,4251
coronavirus covid19,3845
covid19 coronavirus,3697
coronavirus variant,3534
19 vaccines,3471
pfizer biontech,3349
relief package,3306
900 billion,3294
strain coronavirus,3293
covid19 vaccine,3161
19 strain,3118
nueva variante,3069
new variant,2985
cepa covid,2602
