gram,counts
covid 19,162939
coronavirus cases,11107
19 cases,10821
coronavirus covid19,5390
new cases,5277
covid19 coronavirus,5011
coronavirus pandemic,4926
nick cordero,4642
19 pandemic,4367
wear mask,4152
social distancing,4051
coronavirus airborne,3806
positive covid,3469
new coronavirus,3367
nuevos casos,3267
casos covid,3130
tested positive,3120
donald trump,3119
claim coronavirus,2980
new york,2938
covid19 cases,2878
new covid,2853
239 experts,2684
casos coronavirus,2623
big claim,2622
130 000,2396
coronavirus deaths,2323
death toll,2170
news coronavirus,2111
