gram,counts
covid 19 pandemic,8802
covid 19 cases,5250
coronavirus task force,4842
href rel nofollow,4229
true href rel,4156
covid 19 crisis,3920
rel nofollow twitter,3517
coronavirus covid 19,2957
coronavirus death toll,2846
covid 19 patients,2799
covid 19 deaths,2706
due covid 19,2678
nofollow twitter web,2511
twitter web app,2170
casos covid 19,2127
covid 19 via,2071
covid 19 relief,2027
new covid 19,2011
bbc news coronavirus,1934
positive covid 19,1931
covid 19 response,1879
covid 19 death,1830
amid covid 19,1794
covid 19 lockdown,1721
covid 19 outbreak,1660
fight covid 19,1521
covid 19 vaccine,1460
covid 19 di,1460
covid 19 testing,1394
