gram,counts
covid 19 pandemic,4438
covid 19 coronabisadisembuhkan,4287
korban covid 19,2811
covid 19 dapat,2774
covid 19 cases,2765
tetap disiplin ikuti,2757
ingat tetap disiplin,2756
menyebutkan bahwa korban,2756
bahwa korban covid,2756
pemberitaan menyebutkan bahwa,2756
pemerintah untuk melakukan,2756
banyak pemberitaan menyebutkan,2756
disiplin ikuti ajakan,2755
ikuti ajakan pemerintah,2755
ajakan pemerintah untuk,2754
untuk melakukan upaya,2752
bahagia banyak pemberitaan,2721
href rel nofollow,2719
berita bahagia banyak,2716
sembuhnamun ingat tetap,2690
dapat sembuhnamun ingat,2690
19 dapat sembuhnamun,2690
true href rel,2668
coronavirus covid 19,2472
rel nofollow twitter,2400
kita pasti bisa,2318
melakukan upaya pencegahan,2318
upaya pencegahan coronabisadisembuhkan,2310
pasti bisa putuskan,2303
