gram,counts
covid 19 pandemic,7535
jenazah covid 19,5324
href rel nofollow,4744
true href rel,4672
rel nofollow twitter,4055
covid 19 crisis,3769
covid 19 cases,3654
pasien covid 19,3491
coronavirus covid 19,3126
jenazah pasien covid,3080
covid 19 ayoikutiaturan,2979
due covid 19,2572
covid 19 patients,2569
nofollow twitter web,2307
covid 19 di,2217
korban covid 19,2131
di rumah sakit,2130
covid 19 yang,2105
covid 19 adalah,2095
bbc news coronavirus,1965
covid 19 ini,1959
twitter web app,1959
fight covid 19,1955
wabah covid 19,1886
covid 19 lockdown,1870
covid 19 via,1854
19 yang sudah,1831
covid 19 outbreak,1828
ada potensi virus,1827
