gram,counts
covid 19,161850
19 vaccine,8085
19 cases,7324
coronavirus cases,5822
19 pandemic,5143
coronavirus covid19,5072
coronavirus vaccine,4613
new cases,4370
coronavirus pandemic,4209
covid19 coronavirus,4077
motorcycle rally,3080
sturgis motorcycle,2876
vaccine trial,2692
new covid,2661
covid19 pandemic,2643
due covid,2525
positive covid,2434
social distancing,2400
young people,2338
public health,2289
protokol kesehatan,2283
new york,2238
covid19 cases,2187
nuevos casos,2185
casos covid,2141
vacuna covid,2136
bbc news,2095
gatherings six,2076
tested positive,2062
