gram,counts
covid 19,179693
19 pandemic,6761
coronavirus pandemic,6351
19 cases,5858
coronavirus covid19,5241
coronavirus cases,4659
covid19 coronavirus,4042
new cases,3914
19 vaccine,3822
positive covid,3159
due covid,3157
covid19 pandemic,3038
facebook removes,2987
nuevos casos,2873
coronavirus vaccine,2703
trump post,2628
coronavirus misinformation,2610
casos covid,2550
removes trump,2513
death toll,2488
new york,2425
positive coronavirus,2407
tested positive,2383
new covid,2372
wear mask,2341
go away,2317
trump campaign,2314
president trump,2298
tests positive,2280
