gram,counts
covid 19,157651
19 cases,5615
coronavirus covid19,5570
coronavirus pandemic,5394
coronavirus cases,5284
19 pandemic,4884
new cases,4802
covid19 coronavirus,4496
da saúde,4449
social distancing,4286
da covid,3828
ministério da,3273
casos covid,2891
19 patients,2636
nuevos casos,2600
due covid,2581
george floyd,2548
death toll,2483
lives matter,2412
covid19 cases,2267
second wave,2251
black lives,2225
new york,2218
new coronavirus,2217
coronavirus covid,2212
covid19 pandemic,2202
casos coronavirus,2145
meaning behind,2133
public health,2122
