gram,counts
covid 19,200095
coronavirus cases,11792
19 cases,10299
19 pandemic,8105
coronavirus pandemic,7605
coronavirus covid19,6648
new cases,5995
wear mask,4809
covid19 coronavirus,4680
positive covid,4482
covid19 pandemic,4420
100 000,3912
tested positive,3735
new coronavirus,3431
us buys,3294
social distancing,3233
due covid,3179
public health,3001
casos covid,2947
new york,2921
nuevos casos,2857
new covid,2833
covid19 cases,2828
positive coronavirus,2616
drug remdesivir,2584
19 vaccine,2565
coronavirus covid,2533
test positive,2502
united states,2499
