gram,counts
covid 19 pandemic,5232
covid 19 cases,2932
href rel nofollow,2903
true href rel,2850
covid 19 crisis,2802
covid 19 optimiscegahcovid19,2711
coronavirus covid 19,2678
rel nofollow twitter,2457
covid 19 outbreak,2100
due covid 19,1795
nofollow twitter web,1684
covid 19 patients,1633
penanggulangan covid 19,1563
pemerintah pusat dalam,1523
setiap langkah pemerintah,1518
pusat dalam penanggulangan,1518
langkah pemerintah pusat,1518
penuh setiap langkah,1517
dalam penanggulangan covid,1511
fight covid 19,1500
mendukung penuh setiap,1469
twitter web app,1469
siap mendukung penuh,1462
senantiasa siap mendukung,1452
covid 19 via,1360
positive covid 19,1351
sign petition via,1345
amid covid 19,1294
polri senantiasa siap,1258
