gram,counts
covid 19 pandemic,9170
covid 19 cases,5017
href rel nofollow,4530
true href rel,4447
covid 19 crisis,4360
rel nofollow twitter,3781
coronavirus covid 19,3207
due covid 19,3082
covid 19 patients,2917
nofollow twitter web,2700
covid 19 deaths,2403
amid covid 19,2329
covid 19 lockdown,2269
twitter web app,2268
covid 19 via,2059
casos covid 19,1854
covid 19 outbreak,1848
positive covid 19,1821
bbc news coronavirus,1805
fight covid 19,1772
covid 19 testing,1710
new covid 19,1633
covid 19 vaccine,1632
covid 19 response,1632
sign petition via,1463
covid 19 death,1462
pandemia covid 19,1366
covid 19 di,1359
covid 19 virus,1332
