gram,counts
covid 19,108168
19 cases,5089
donald trump,4287
white house,4105
coronavirus cases,3373
covid19 coronavirus,3274
new cases,3103
coronavirus covid19,3098
19 pandemic,3095
taken context,2790
fauci says,2781
trump campaign,2719
coronavirus pandemic,2676
positive covid,2558
new trump,2488
ad touting,2477
campaign ad,2455
context new,2430
coronavirus response,2380
dr fauci,2115
new covid,2009
says taken,1922
president trump,1914
touting coronavirus,1901
new coronavirus,1812
tested positive,1808
28 days,1688
nuevos casos,1663
via youtube,1658
