gram,counts
covid 19,132328
19 pandemic,5452
19 cases,5121
coronavirus covid19,4055
coronavirus pandemic,3649
coronavirus cases,3406
covid19 coronavirus,3257
new cases,3073
19 vaccine,2953
positive covid,2414
covid19 pandemic,2384
due covid,2367
new covid,2136
nuevos casos,1999
casos covid,1738
joe biden,1734
new york,1729
coronavirus vaccine,1716
coronavirus act,1677
donald trump,1620
19 test,1595
public health,1592
tested positive,1515
boris johnson,1462
19 testing,1460
covid19 cases,1404
200 000,1400
new coronavirus,1398
19 deaths,1358
