gram,counts
covid 19,169002
19 vaccine,13306
coronavirus vaccine,8611
19 cases,8289
94 effective,7188
vaccine 94,5862
19 pandemic,5315
coronavirus cases,4895
new covid,4107
covid19 coronavirus,4061
moderna says,3817
coronavirus covid19,3808
coronavirus pandemic,3612
positive covid,3489
covid19 vaccine,3351
new cases,3321
space karen,3191
wear mask,3134
moderna coronavirus,2942
moderna covid,2831
tested positive,2739
public health,2320
vacuna covid,2263
covid19 pandemic,2230
19 patients,2103
11 million,2093
19 restrictions,2087
new coronavirus,2058
joe biden,2052
