gram,counts
covid 19,145785
19 pandemic,6115
19 cases,5186
coronavirus covid19,4362
coronavirus pandemic,4298
coronavirus cases,4035
covid19 coronavirus,4020
positive covid,3477
new cases,3281
death toll,3253
19 vaccine,3092
200 000,2638
covid19 pandemic,2633
new covid,2439
coronavirus deaths,2286
19 deaths,2282
tested positive,2276
28 000,2247
joe biden,2172
one million,2168
new york,2148
19 tests,2078
nuevos casos,2077
public health,1990
casos covid,1936
million people,1894
second wave,1892
due covid,1855
coronavirus vaccine,1850
