gram,counts
covid 19,152012
19 vaccine,11165
19 pandemic,4958
19 cases,4855
coronavirus vaccine,4445
rudy giuliani,4143
coronavirus covid19,3855
positive covid,3432
covid19 coronavirus,3327
get well,3120
thank god,3039
well soon,2979
covid19 vaccine,2854
19 vaccines,2851
coronavirus pandemic,2821
new cases,2738
tested positive,2411
coronavirus cases,2354
new covid,2291
data scientist,2091
raid home,2089
stay safe,1990
covid19 pandemic,1979
public health,1958
due covid,1926
white house,1820
wear mask,1794
new york,1790
positive coronavirus,1775
