gram,counts
covid 19,146157
19 vaccine,7450
19 pandemic,5824
19 cases,5100
lewis hamilton,4342
get well,3832
well soon,3561
coronavirus covid19,3560
positive covid,3539
coronavirus vaccine,3295
covid19 coronavirus,3143
coronavirus pandemic,3113
thank god,2919
new cases,2766
coronavirus cases,2465
tested positive,2270
scott atlas,2253
new covid,2220
health care,2215
covid19 pandemic,2166
due covid,2134
public health,2044
19 relief,2030
19 vaccines,1952
covid19 vaccine,1874
casos covid,1859
positivo covid,1824
long term,1716
positive coronavirus,1696
