gram,counts
covid 19,147893
19 cases,6139
19 pandemic,5580
19 vaccine,4874
coronavirus covid19,4158
coronavirus pandemic,4075
coronavirus cases,4021
covid19 coronavirus,3693
new cases,3037
vaccine trial,2989
white house,2778
covid19 pandemic,2449
positive covid,2385
new covid,2228
coronavirus vaccine,2169
tested positive,2116
casos covid,1975
due covid,1973
nuevos casos,1917
trial dies,1800
coronavirus relief,1779
donald trump,1778
public health,1762
21 10,1755
covid19 cases,1624
19 deaths,1616
10 2020,1570
new coronavirus,1550
new york,1547
