gram,counts
covid 19,213453
jair bolsonaro,9898
19 cases,9353
coronavirus cases,8259
19 pandemic,7549
tests positive,7418
coronavirus pandemic,6789
positive coronavirus,6312
positive covid,6055
coronavirus covid19,5953
covid19 coronavirus,5299
new cases,5007
tested positive,4899
bolsonaro tests,4894
wear mask,4111
president jair,3597
brazil president,3537
protokol kesehatan,3315
positivo covid,3207
death rate,3112
care homes,3062
covid19 pandemic,3058
bbc news,2976
death toll,2956
spread covid,2951
new covid,2940
realdonaldtrump washtimes,2916
due covid,2912
social distancing,2906
