gram,counts
covid 19 pandemic,4623
covid 19 cases,3402
href rel nofollow,2829
true href rel,2781
coronavirus covid 19,2691
rel nofollow twitter,2456
covid 19 patients,2423
covid 19 deaths,2128
covid 19 crisis,1926
due covid 19,1790
amid covid 19,1632
coronavirus death toll,1574
covid 19 lockdown,1573
bbc news coronavirus,1528
covid 19 outbreak,1503
new york times,1466
nofollow twitter web,1453
covid 19 via,1440
fight covid 19,1439
positive covid 19,1352
covid 19 death,1288
casos covid 19,1172
twitter web app,1170
covid 19 coronavirus,1031
covid 19 di,981
covid 19 virus,957
cases covid 19,946
du covid 19,852
nofollow twitter android,841
