gram,counts
covid 19,164463
19 pandemic,6930
19 cases,5935
coronavirus pandemic,5239
coronavirus covid19,4806
coronavirus cases,4134
new cases,3748
19 vaccine,3667
covid19 coronavirus,3582
untuk masyarakat,3340
kurang mampu,3211
masyarakat kurang,3189
19 baksospolrihut75ri,3159
covid19 pandemic,2906
ke 75,2803
terdampak covid,2731
nuevos casos,2626
ri ke,2614
pandemi covid,2583
new covid,2553
due covid,2525
coronavirus vaccine,2524
casos covid,2518
75 polri,2472
salurkan bansos,2471
bansos untuk,2449
dirgahayu ri,2447
public health,2379
mampu terdampak,2368
