gram,counts
covid 19,105080
19 cases,4878
coronavirus cases,4307
protokol kesehatan,3119
new cases,3036
19 pandemic,3009
coronavirus pandemic,2911
coronavirus covid19,2909
covid19 coronavirus,2533
penyebaran covid,2522
positive covid,2352
19 vaccine,2179
new covid,2173
pandemi covid,2053
new coronavirus,2022
via youtube,1876
new zealand,1861
donald trump,1792
nuevos casos,1770
herd immunity,1612
tested positive,1537
wear mask,1479
19 dengan,1445
19 test,1412
covid19 pandemic,1392
covid19 cases,1365
casos covid,1360
kesehatan tetapdisiplinprokes,1358
public health,1332
