gram,counts
terdampak covid 19,15491
covid 19 baksospolripeduli,15041
untuk ringankan beban,14001
sosial untuk ringankan,13999
masyarakat yang terdampak,13864
yang terdampak covid,13838
ringankan beban masyarakat,13743
bakti sosial untuk,13577
gelar bakti sosial,13473
beban masyarakat yang,13432
polri gelar bakti,12701
covid 19 pandemic,7543
covid 19 cases,4259
href rel nofollow,4017
true href rel,3949
pandemi covid 19,3795
covid 19 crisis,3733
rel nofollow twitter,3328
coronavirus covid 19,3133
due covid 19,3046
nofollow twitter web,2300
covid 19 patients,2133
twitter web app,1976
covid 19 lockdown,1894
covid 19 deaths,1859
ditengah pandemi covid,1849
fight covid 19,1682
covid 19 via,1680
covid 19 outbreak,1653
