gram,counts
covid 19,172116
positive covid,6056
19 pandemic,5784
19 cases,5378
protokol kesehatan,5073
tested positive,4788
19 vaccine,4612
19 jagakesehatanjaga3m,4166
robert pattinson,4112
coronavirus covid19,4097
coronavirus pandemic,4075
cegah covid,3879
coronavirus cases,3782
coronavirus vaccine,3583
thearieair tjhinfar21,3340
1trenggalek thearieair,3339
new cases,3300
covid19 coronavirus,3099
tjhinfar21 1802_kimmi,2954
pakai masker,2950
positive coronavirus,2785
nuevos casos,2729
cuci tangan,2666
jaga jarak,2660
1802_kimmi raninggalek,2586
raninggalek _mylove_u,2586
_mylove_u wiwikherma,2585
dwayne johnson,2534
jarak dan,2532
