gram,counts
covid 19,177078
19 pandemic,7200
19 vaccine,6780
coronavirus covid19,5723
19 cases,5719
coronavirus pandemic,5614
coronavirus cases,4710
coronavirus vaccine,4688
covid19 coronavirus,4444
new cases,4298
vacuna coronavirus,3281
new zealand,3187
vacuna covid,3186
covid19 pandemic,2952
19 deaths,2839
positive covid,2832
vacuna rusa,2721
death toll,2667
nuevos casos,2646
casos covid,2640
due covid,2635
new covid,2478
tested positive,2333
new coronavirus,2316
positivo covid,2149
coronavirus covid,2079
public health,2077
casos coronavirus,2067
19 testing,1889
