gram,counts
covid 19,83235
19 cases,5305
coronavirus cases,3963
joe biden,3726
new cases,3243
task force,2987
president elect,2692
19 pandemic,2575
coronavirus covid19,2509
new covid,2187
coronavirus pandemic,2139
covid19 coronavirus,1893
new coronavirus,1567
nuevos casos,1428
social distancing,1367
casos covid,1342
wear mask,1335
coronavirus task,1315
covid19 cases,1294
white house,1283
50 million,1283
coronavirus covid,1183
donald trump,1157
united states,1153
positive covid,1122
due covid,1111
11 2020,1089
casos coronavirus,1074
covid19 pandemic,1041
