gram,counts
covid 19,150278
white house,9937
19 cases,6402
donald trump,5221
19 pandemic,5140
coronavirus cases,4567
19 test,3861
coronavirus pandemic,3757
coronavirus covid19,3750
new cases,3648
positive covid,3636
covid19 coronavirus,3300
president trump,3099
tested positive,3094
new covid,2694
mental health,2641
positive coronavirus,2321
covid19 pandemic,2248
public health,2178
new coronavirus,2129
nuevos casos,2059
via youtube,2037
due covid,2034
new york,2002
trump covid,1937
super spreader,1859
casos covid,1822
19 vaccine,1761
wear mask,1752
