gram,counts
covid 19,105449
coronavirus cases,4218
19 cases,4111
19 vaccine,3244
coronavirus covid19,3162
19 pandemic,3106
new cases,3017
coronavirus pandemic,2998
protokol kesehatan,2702
coronavirus vaccine,2586
covid19 coronavirus,2497
19 pakaimaskeruntuksemua,2297
nuevos casos,2039
labor day,2000
new coronavirus,1691
new covid,1664
positive covid,1596
social distancing,1577
1trenggalek thearieair,1563
thearieair tjhinfar21,1563
casos covid,1533
19 test,1469
donald trump,1452
19 deaths,1448
tested positive,1448
casos coronavirus,1378
covid19 pandemic,1349
dari covid,1306
due covid,1304
