gram,counts
covid 19,166262
coronavirus cases,13933
suicideawareness byeivanka,10568
byeivanka covid19,10566
19 cases,10240
coronavirus covid19,6278
new cases,6264
coronavirus pandemic,5659
wear mask,5490
covid19 coronavirus,4940
19 pandemic,4714
new coronavirus,4234
new covid,3728
covid19 cases,3456
nuevos casos,3264
social distancing,3123
positive covid,3027
casos covid,3014
tested positive,2916
wearing mask,2836
positive coronavirus,2805
new normal,2805
new york,2633
wear masks,2588
due coronavirus,2559
stay home,2527
covid19 pandemic,2512
single day,2475
casos coronavirus,2422
