gram,counts
covid 19 cases,5933
covid 19 pandemic,5749
covid 19 patients,3548
casos covid 19,2851
covid 19 vaccine,2506
covid 19 deaths,2454
coronavirus covid 19,2230
covid 19 crisis,2166
pandemi covid 19,2116
due covid 19,2105
new covid 19,2067
positive covid 19,1969
cashless society know,1880
nursing home coronavirus,1862
bbc news coronavirus,1708
new coronavirus cases,1619
covid 19 via,1579
coronavirus dominic cummings,1493
new york times,1421
towards cashless society,1366
wabah covid 19,1362
últimas 24 horas,1292
cases covid 19,1281
covid 19 ini,1277
covid 19 di,1214
covid 19 death,1153
da covid 19,1140
amid coronavirus pandemic,1125
adanya wabah covid,1107
