gram,counts
covid 19 pandemic,7282
covid19 coronavirus thelastdance,6920
monday mondaythoughts repost,6918
covid_19 lockdown monday,6918
lockdown4 staysafe mondaymotivaton,6918
mondaymotivation mentalhealthawarenessweek bantiktok,6918
thelastdance stayhome mondaymotivation,6918
bantiktok lockdown4 staysafe,6918
coronavirus thelastdance stayhome,6918
mondaymotivaton covid_19 lockdown,6918
staysafe mondaymotivaton covid_19,6918
mondaythoughts repost felizlunes,6918
stayhome mondaymotivation mentalhealthawarenessweek,6918
lockdown monday mondaythoughts,6918
mentalhealthawarenessweek bantiktok lockdown4,6918
repost felizlunes photography,6917
covid 19 cases,4847
href rel nofollow,3631
true href rel,3575
covid 19 crisis,3009
rel nofollow twitter,3004
coronavirus covid 19,2685
covid 19 vaccine,2576
due covid 19,2439
covid 19 patients,2341
nofollow twitter web,2113
casos covid 19,2070
covid 19 polriberbagikasih,1993
pandemi covid 19,1955
