gram,counts
covid 19,107031
19 vaccine,6815
19 cases,4223
wear mask,3572
coronavirus vaccine,3251
19 pandemic,3183
coronavirus covid19,3018
new cases,2483
new covid,2322
covid19 coronavirus,2307
24 horas,2149
coronavirus pandemic,2004
coronavirus cases,1981
positive covid,1675
covid19 vaccine,1619
19 vaccines,1518
19 deaths,1496
public health,1469
covid19 covid,1425
bill nye,1364
protokol kesehatan,1335
get covid,1295
wear masks,1293
tested positive,1266
nuevos casos,1256
casos covid,1247
due covid,1242
transmisión coronavirus,1220
stay home,1186
