gram,counts
covid 19,141427
19 cases,7745
19 pandemic,4866
coronavirus cases,4326
coronavirus covid19,3922
coronavirus pandemic,3739
covid19 coronavirus,3606
new cases,3475
new covid,3005
positive covid,2966
donald trump,2812
19 deaths,2698
tested positive,2682
dr fauci,2352
prince william,2238
via youtube,2164
covid19 pandemic,2137
trump rallies,2078
last week,2011
white house,1910
casos covid,1883
19 vaccine,1858
due covid,1846
30 000,1736
joe biden,1728
covid19 cases,1726
nuevos casos,1656
public health,1641
coronavirus covid,1635
