gram,counts
covid 19 bukan,4977
bukan hanya tanggung,4947
19 bukan hanya,4947
hanya tanggung jawab,4947
tanggung jawab pemerintah,4946
memerangi covid 19,4935
covid 19 pandemic,4928
tetapi tanggung jawab,4926
akan tetapi tanggung,4925
jawab pemerintah akan,4924
pemerintah akan tetapi,4923
tanggung jawab bersama,4908
jawab bersama bersatucekalcovid19,4642
covid 19 cases,4249
href rel nofollow,3081
true href rel,3011
covid 19 bersatucekalcovid19,2886
coronavirus covid 19,2682
rel nofollow twitter,2640
penyebaran covid 19,2256
covid 19 crisis,2130
world health organization,1882
due covid 19,1788
patuhi anjuran pemerintah,1778
cegah covid 19,1737
pandemi covid 19,1732
covid 19 lockdown,1731
amid covid 19,1681
thearieair hamka_sutra wagimandeep212,1637
