gram,counts
covid 19 pandemic,9084
covid 19 sembakopolripeduli,8668
covid 19 cases,5284
pandemi covid 19,4897
terdampak covid 19,4777
href rel nofollow,4163
true href rel,4086
gelar bakti sosial,3752
kembali gelar bakti,3485
rel nofollow twitter,3451
polri kembali gelar,3364
ditengah pandemi covid,3338
ringankan beban masyarakat,3330
bakti sosial untuk,3326
untuk ringankan beban,3324
sosial untuk ringankan,3323
covid 19 crisis,3301
beban masyarakat ditengah,3296
masyarakat ditengah pandemi,3263
salut polri kembali,3110
due covid 19,3105
covid 19 patients,3086
billray2019 mochamadarip maranatha_sibrn,3007
ambarwatirexy billray2019 mochamadarip,3007
mochamadarip maranatha_sibrn l07_te,3007
tjhinfar21 thearieair wagimandeep212,3007
thearieair wagimandeep212 narkosun,3007
1802_kimmi ambarwatirexy billray2019,3006
airin_nz 1802_kimmi ambarwatirexy,3006
