gram,counts
covid 19,209532
100 000,18059
coronavirus pandemic,9663
19 pandemic,8057
coronavirus covid19,7497
covid19 coronavirus,6182
19 cases,5644
death toll,5301
new cases,5235
nursing homes,5022
19 deaths,4768
coronavirus cases,4756
new normal,4701
coronavirus deaths,4539
covid19 pandemic,3890
death rate,3502
19 patients,3430
19 crisis,3381
new york,3273
social distancing,3067
due covid,3005
meaning behind,2852
coronavirus covid,2851
coronavirus lockdown,2798
coronavirus crisis,2762
coronavirus death,2728
nuevos casos,2676
via youtube,2667
casos covid,2618
