gram,counts
covid 19,162975
19 cases,6443
coronavirus cases,6262
19 pandemic,6023
tested positive,6010
coronavirus covid19,5791
coronavirus pandemic,5284
positive covid,4979
covid19 coronavirus,4391
positive coronavirus,4117
new cases,3738
antonio banderas,3631
casos covid,3515
97 000,3306
000 children,3196
nuevos casos,3053
two weeks,3012
test positive,2859
coronavirus relief,2780
public health,2780
college football,2692
covid19 pandemic,2617
due covid,2530
new zealand,2529
100 000,2475
casos coronavirus,2457
new covid,2411
19 vaccine,2320
weeks july,2318
