gram,counts
covid 19,139895
coronavirus cases,7371
19 cases,6688
coronavirus covid19,5190
new cases,4878
coronavirus pandemic,4479
kung flu,4287
19 pandemic,4124
positive coronavirus,3908
covid19 coronavirus,3885
coronavirus testing,3871
slow testing,3805
positive covid,3671
tulsa rally,3569
donald trump,3221
tested positive,3055
test positive,2806
casos covid,2676
nuevos casos,2651
social distancing,2467
covid19 cases,2442
19 testing,2430
new coronavirus,2365
120 000,2344
new covid,2340
trump rally,2335
casos coronavirus,2098
president trump,2073
second wave,2038
