gram,counts
covid 19,200697
coronavirus pandemic,9157
coronavirus covid19,7707
19 pandemic,7392
memorial day,7004
100 000,6811
19 cases,6192
coronavirus cases,5965
dominic cummings,5805
covid19 coronavirus,5555
new cases,5227
social distancing,4750
new york,4380
coronavirus lockdown,4041
death toll,3780
cashless society,3598
19 patients,3115
covid19 pandemic,3065
via youtube,3038
casos covid,3013
coronavirus covid,2970
new coronavirus,2883
stay home,2881
nursing homes,2865
nuevos casos,2797
due covid,2728
may 25,2602
bbc news,2594
coronavirus outbreak,2481
