gram,counts
covid 19 pandemic,4936
coronavirus covid 19,3076
href rel nofollow,2924
true href rel,2864
covid 19 cases,2641
deliver copy officials,2595
officials last delivered,2594
copy officials last,2594
signing must act,2552
must act deliver,2552
act deliver copy,2552
rel nofollow twitter,2486
covid 19 crisis,2296
due covid 19,1963
covid 19 outbreak,1961
penyebaran covid 19,1769
nofollow twitter web,1726
covid 19 patients,1707
fight covid 19,1576
twitter web app,1496
positive covid 19,1410
virus covid 19,1369
amid covid 19,1296
covid 19 via,1269
covid 19 coronavirus,1234
sign petition via,1161
covid 19 31mardisinfektanmassal,1154
31 maret 2020,1103
pada 31 maret,1100
