gram,counts
covid 19,153489
19 cases,6435
19 pandemic,5639
positive covid,5477
tested positive,5335
herd immunity,4803
coronavirus covid19,4557
coronavirus cases,4538
covid19 coronavirus,3814
coronavirus pandemic,3809
positive coronavirus,3465
new cases,3445
19 vaccine,3040
white house,2989
tests positive,2934
donald trump,2885
couvre feu,2688
melania trump,2530
new covid,2326
barron trump,2309
covid19 pandemic,2304
public health,2246
due covid,2219
cristiano ronaldo,2148
nuevos casos,2107
nick saban,2094
casos covid,2058
second wave,2038
first lady,1753
