gram,counts
covid 19,193030
coronavirus cases,13727
19 cases,11295
new cases,7847
coronavirus pandemic,7303
19 pandemic,7108
coronavirus covid19,6077
wear mask,5927
vanilla ice,4990
50 000,4895
new coronavirus,4579
covid19 coronavirus,4443
positive covid,4173
herman cain,4063
000 new,3905
new covid,3715
covid19 cases,3570
tested positive,3508
social distancing,3456
single day,3124
covid19 pandemic,3111
casos covid,2811
positive coronavirus,2811
gon na,2752
due covid,2740
wearing mask,2721
nuevos casos,2694
public health,2576
10 000,2549
