gram,counts
covid 19,164099
19 cases,6461
19 pandemic,6374
coronavirus covid19,5608
coronavirus pandemic,5597
covid19 coronavirus,4845
coronavirus cases,4368
new cases,3772
new zealand,3266
19 vaccine,3097
nuevos casos,2850
covid19 pandemic,2826
positive covid,2808
170 000,2684
new coronavirus,2662
new covid,2635
due covid,2615
new york,2605
casos covid,2526
public health,2351
chapel hill,2322
death toll,2225
donald trump,2177
vacuna covid,2113
tested positive,2019
unc chapel,1966
casos coronavirus,1950
coronavirus outbreak,1900
coronavirus covid,1884
