gram,counts
covid 19,160242
19 vaccine,23459
coronavirus vaccine,6067
mike pence,4858
19 pandemic,4546
19 vaccines,4410
19 cases,4394
covid19 vaccine,4147
moderna covid,3824
coronavirus covid19,3426
vice president,3275
covid19 coronavirus,3015
get covid,2855
emergency use,2844
positive covid,2585
new cases,2550
coronavirus pandemic,2537
president mike,2254
vacuna covid,2243
new covid,2175
coronavirus cases,2165
pfizer covid,2106
19 relief,2031
covid19 pandemic,1924
tested positive,1909
stay safe,1884
public health,1768
get vaccine,1716
vaccine emergency,1682
