gram,counts
covid 19,134299
19 cases,6267
coronavirus cases,5874
coronavirus pandemic,4413
19 pandemic,4053
new cases,4018
coronavirus covid19,3956
social distancing,3062
covid19 coronavirus,2903
new york,2724
casos covid,2630
07 2020,2590
nuevos casos,2573
north korea,2431
new coronavirus,2375
wear mask,2175
coronavirus deaths,2087
new covid,2063
covid19 cases,1865
coronavirus covid,1824
casos coronavirus,1821
white house,1815
26 07,1764
year old,1727
positive covid,1707
coronavirus relief,1698
due covid,1697
via youtube,1693
19 deaths,1639
