gram,counts
covid 19,161249
19 vaccine,20358
pfizer covid,6709
19 pandemic,5650
coronavirus vaccine,5278
19 cases,4843
pfizer biontech,3983
covid19 vaccine,3642
19 vaccines,3412
coronavirus covid19,3143
positive covid,3003
human rights,2925
covid19 coronavirus,2869
new cases,2828
coronavirus pandemic,2755
19 deaths,2607
covid19 pandemic,2587
new covid,2328
tested positive,2261
advisory panel,2216
ellen degeneres,2184
coronavirus cases,2102
wear mask,1926
public health,1816
covid19 covid,1768
vaccine emergency,1762
due covid,1746
emergency use,1720
19 test,1648
