gram,counts
covid 19,151752
19 cases,5652
19 pandemic,5494
coronavirus covid19,4629
coronavirus cases,4441
coronavirus pandemic,4102
new cases,3539
covid19 coronavirus,3132
19 testing,2890
19 vaccine,2845
covid19 pandemic,2772
new covid,2730
nuevos casos,2571
casos covid,2405
coronavirus testing,2136
due covid,2124
positive covid,2004
public health,1986
social distancing,1945
protokol kesehatan,1926
casos coronavirus,1901
19 pakaimaskerlebihaman,1884
24 horas,1863
neet jee,1845
tested positive,1803
coronavirus vaccine,1719
19 deaths,1706
testing guidelines,1681
nursing homes,1650
