gram,counts
covid 19,191689
coronavirus cases,8466
19 cases,7997
19 pandemic,7762
coronavirus covid19,7223
coronavirus pandemic,7063
covid19 coronavirus,5890
new cases,4871
covid19 pandemic,3722
second wave,3680
social distancing,3466
covid19 cases,3141
due covid,2989
casos coronavirus,2948
new coronavirus,2938
coronavirus covid,2909
casos covid,2804
nuevos casos,2804
19 crisis,2646
new york,2583
new covid,2436
public health,2375
trump rally,2331
june 12,2288
death toll,2193
due coronavirus,2185
due covid19,2140
coronavirus crisis,2106
wear mask,2096
