gram,counts
covid 19,228191
coronavirus pandemic,10363
19 pandemic,9205
coronavirus covid19,8289
100 000,7210
19 cases,5949
covid19 coronavirus,5824
coronavirus cases,5667
new cases,4762
new york,4563
dominic cummings,4523
death toll,4485
social distancing,4196
memorial day,3964
covid19 pandemic,3886
coronavirus covid,3532
due covid,3523
nursing homes,3503
19 deaths,3345
19 patients,3339
coronavirus lockdown,3321
coronavirus crisis,3280
casos covid,3231
nuevos casos,3176
19 crisis,3150
coronavirus vaccine,3147
coronavirus deaths,3094
via youtube,3055
bbc news,2992
