gram,counts
covid 19,92696
19 vaccine,4333
19 cases,3497
protokol kesehatan,2991
19 pandemic,2613
coronavirus covid19,2570
new cases,2339
covid19 coronavirus,2187
coronavirus pandemic,2001
coronavirus cases,1987
new covid,1847
positive covid,1610
new york,1524
wear mask,1470
tested positive,1417
stay safe,1388
coronavirus vaccine,1354
mematuhi protokol,1277
covid19 pandemic,1270
pencegahan covid,1269
pilkada serentak,1266
due covid,1233
19 deaths,1222
nuevos casos,1220
2020 dengan,1214
serentak 2020,1204
19 untuk,1183
kesehatan pencegahan,1171
selalu mematuhi,1170
