gram,counts
covid 19,191247
coronavirus cases,11388
19 cases,9398
19 pandemic,7716
coronavirus covid19,7343
coronavirus pandemic,6238
new cases,6080
covid19 coronavirus,5336
positive coronavirus,4562
second wave,4556
positive covid,4533
test positive,4194
tested positive,4150
casos covid,3724
coronavirus testing,3272
casos coronavirus,3155
nuevos casos,3127
social distancing,3097
covid19 pandemic,3094
new coronavirus,3065
covid19 cases,3048
wear mask,2985
new covid,2962
due covid,2902
19 testing,2710
nursing homes,2630
new york,2517
public health,2446
coronavirus covid,2388
