gram,counts
covid 19,187759
19 pandemic,8017
coronavirus covid19,7277
coronavirus pandemic,6837
19 cases,5930
covid19 coronavirus,5517
coronavirus cases,4513
new cases,4398
george floyd,4208
social distancing,4129
covid19 pandemic,3351
irene montero,3141
due covid,3090
casos covid,3053
new coronavirus,3002
19 crisis,2891
nuevos casos,2854
coronavirus lockdown,2761
casos coronavirus,2743
coronavirus covid,2739
claim free,2561
hurry claim,2558
free 350,2558
350 goto,2558
100 000,2376
due coronavirus,2269
new york,2234
new covid,2228
casa blanca,2204
