gram,counts
covid 19,213681
coronavirus cases,11658
coronavirus pandemic,9084
19 pandemic,8878
19 cases,8818
coronavirus covid19,7485
covid19 coronavirus,6073
new cases,4856
social distancing,4113
second wave,4038
covid19 pandemic,3804
due covid,3501
covid19 cases,3464
nuevos casos,3285
casos covid,3252
coronavirus covid,3173
casos coronavirus,3049
new coronavirus,2984
19 crisis,2804
death toll,2753
new york,2592
public health,2521
new covid,2480
due coronavirus,2453
coronavirus outbreak,2350
june 11,2301
penanganan covid,2276
coronavirus mass,2274
19 outbreak,2269
