gram,counts
covid 19,156742
positive covid,14381
donald trump,13014
white house,12334
tested positive,11574
president trump,10793
positive coronavirus,10243
tests positive,8414
trump covid,6971
19 diagnosis,5348
trump coronavirus,5259
chris christie,4802
walter reed,4701
test positive,4634
wear mask,4471
trump campaign,3801
covid19 coronavirus,3752
coronavirus covid19,3744
19 cases,3692
protokol kesehatan,3460
testing positive,3393
first lady,3373
19 test,3150
trump covid19,3097
ron johnson,3048
supreme court,2998
coronavirus cases,2895
campaign manager,2890
positive covid19,2812
