gram,counts
covid 19 pandemic,4988
coronavirus covid 19,3057
covid 19 cases,3056
href rel nofollow,2798
true href rel,2734
rel nofollow twitter,2386
covid 19 outbreak,2179
covid 19 crisis,2020
due covid 19,1983
nofollow twitter web,1598
sign petition via,1461
twitter web app,1405
positive covid 19,1335
fight covid 19,1273
covid 19 via,1262
covid 19 patients,1253
amid covid 19,1190
confirmed coronavirus cases,1175
covid 19 coronavirus,1166
covid 19 chinese,1120
cases covid 19,1062
19 chinese virus,1050
covid 19 virus,1022
spread covid 19,987
new york times,977
bbc news coronavirus,956
virus covid 19,933
amid coronavirus pandemic,920
tested positive coronavirus,859
