gram,counts
covid 19,147558
hope hicks,12039
tests positive,7048
positive coronavirus,6826
19 pandemic,5686
tested positive,5025
19 cases,4971
positive covid,4694
testes covid,4672
compra testes,4572
milhões doados,4371
da pandemia,4278
coronavirus covid19,4214
sua esposa,4190
doados compra,4146
auge da,4092
projeto sua,4086
esposa michelle,4053
hicks tests,4051
repassou dinheiro,3996
michelle auge,3954
19 repassou,3899
donald trump,3862
coronavirus pandemic,3858
dinheiro projeto,3841
senhor desviou,3749
professional mask,3739
coronavirus cases,3728
virus defeated,3690
