gram,counts
covid 19,185707
19 pandemic,7628
coronavirus pandemic,7377
19 cases,6587
coronavirus covid19,5993
covid19 coronavirus,5379
coronavirus cases,4951
new cases,3931
positive covid,3327
death toll,3199
covid19 pandemic,3176
donald trump,3119
19 deaths,3024
nuevos casos,2898
due covid,2878
19 vaccine,2846
tested positive,2738
new york,2715
coronavirus vaccine,2657
casos covid,2543
via youtube,2450
coronavirus deaths,2398
new covid,2387
white house,2309
public health,2283
casos coronavirus,2090
positive coronavirus,2077
covid19 cases,2055
test positive,2032
