gram,counts
covid 19 pandemic,8652
covid 19 cases,4857
href rel nofollow,4235
true href rel,4145
rel nofollow twitter,3526
covid 19 crisis,3265
coronavirus covid 19,2946
due covid 19,2861
covid 19 patients,2810
covid 19 polrisiapamankanjatim,2504
penyebaran covid 19,2491
nofollow twitter web,2448
pandemi covid 19,2403
bbc news coronavirus,2162
twitter web app,2110
casos covid 19,2025
covid 19 deaths,1994
covid 19 via,1958
covid 19 testing,1924
covid 19 lockdown,1853
positive covid 19,1836
amid covid 19,1834
fight covid 19,1828
covid 19 outbreak,1663
stay at home,1598
pandemia covid 19,1455
terdampak covid 19,1453
covid 19 death,1452
new covid 19,1427
