gram,counts
covid 19,206252
19 cases,9004
coronavirus cases,7858
coronavirus covid19,7453
19 pandemic,7287
coronavirus pandemic,6911
new cases,6272
life saving,6082
covid19 coronavirus,5444
first life,4780
bbc news,4201
new coronavirus,3862
second wave,3831
new covid,3737
casos covid,3649
saving drug,3528
covid19 pandemic,3388
coronavirus outbreak,3376
19 patients,3330
dexamethasone proves,3308
proves first,3275
coronavirus dexamethasone,3265
new zealand,3219
nuevos casos,3203
wear mask,3202
social distancing,3131
news coronavirus,3045
due covid,2936
19 deaths,2810
