gram,counts
covid 19,137878
19 pandemic,5671
19 vaccine,5531
19 cases,5362
coronavirus covid19,3956
coronavirus pandemic,3436
covid19 coronavirus,3365
coronavirus cases,3201
new cases,2986
positive covid,2827
new covid,2403
covid19 pandemic,2397
public health,2381
due covid,2214
tested positive,1990
25 11,1932
stay home,1903
19 vaccines,1837
wear mask,1774
coronavirus vaccine,1760
casos covid,1713
violence women,1679
19 deaths,1668
stay safe,1634
covid19 covid,1612
11 2020,1560
tests positive,1546
coronavirus covid,1541
nuevos casos,1521
