gram,counts
covid 19,171680
protokol kesehatan,11765
19 pandemic,7168
19 cases,6144
19 tnipolriajakpakaimasker,5219
pakai masker,5180
coronavirus covid19,5028
coronavirus pandemic,4933
pandemi covid,4396
ayo pakai,4200
coronavirus cases,4080
new cases,3851
covid19 coronavirus,3712
patuhi protokol,3658
positive covid,3223
180 000,3104
covid19 pandemic,3084
new covid,2840
positive coronavirus,2784
penyebaran covid,2728
19 vaccine,2720
paul pogba,2663
1trenggalek thearieair,2647
lawan covid,2646
white house,2523
nuevos casos,2514
tested positive,2502
19 di,2403
terbaik lawan,2399
