gram,counts
covid 19,145761
president trump,12819
donald trump,10417
white house,8773
tested positive,6959
positive covid,6445
trump covid,5737
walter reed,5334
professional mask,5271
mask purchasing,5271
secret service,4950
comfortable wear,4864
trump coronavirus,4428
19 cases,4272
wear mask,4254
infected covid19,4213
positive coronavirus,4146
trump infected,3825
covid19 coronavirus,3783
covid19 crazy,3576
coronavirus covid19,3526
kenzo takada,3433
coronavirus cases,3350
19 diagnosis,3216
19 test,3117
virus could,3069
fda approved,3033
google searches,2994
hope virus,2988
