gram,counts
covid 19,107965
19 cases,6608
coronavirus cases,4123
19 vaccine,3481
new covid,3246
covid19 coronavirus,3188
coronavirus covid19,3163
new cases,3079
19 pandemic,2789
wear mask,2753
positive covid,2489
coronavirus pandemic,2485
tested positive,2468
boris johnson,2440
task force,2280
coronavirus vaccine,2161
protokol kesehatan,2050
stay home,1913
11 million,1906
social distancing,1905
new coronavirus,1778
public health,1718
15 11,1608
donald trump,1582
self isolating,1542
covid19 cases,1495
11 2020,1442
new york,1421
johnson self,1420
