gram,counts
covid 19,183270
19 pandemic,6858
coronavirus pandemic,6357
19 cases,6247
coronavirus covid19,4925
coronavirus cases,4895
positive covid,4890
tests positive,4815
covid19 coronavirus,4397
positive coronavirus,4386
tested positive,4115
new cases,3905
mike dewine,3606
19 vaccine,3515
donald trump,3275
due covid,3098
covid19 pandemic,2887
ohio gov,2852
nuevos casos,2730
gov mike,2726
dewine tests,2565
casos covid,2379
facebook twitter,2357
coronavirus vaccine,2346
new covid,2273
new york,2244
casos coronavirus,2243
public health,2135
covid19 cases,2065
