gram,counts
covid 19,154497
bob woodward,8509
19 vaccine,6620
woodward book,6297
19 pandemic,5544
19 cases,5301
trump knew,5275
vaccine trial,4781
coronavirus covid19,4590
190 000,4467
coronavirus pandemic,4437
coronavirus vaccine,4177
coronavirus cases,4166
donald trump,4059
covid19 coronavirus,4009
american people,3861
trump admits,3815
200 000,3369
new cases,3307
coronavirus deadly,3304
trumpknew trumpknew,3134
knew coronavirus,3128
000 americans,3051
threat coronavirus,2920
president trump,2553
true threat,2551
covid19 pandemic,2503
concealing true,2454
due covid,2450
