gram,counts
covid 19,163098
19 pandemic,6542
19 cases,6378
coronavirus pandemic,5768
coronavirus covid19,5262
coronavirus cases,4367
covid19 coronavirus,3907
new cases,3904
170 000,3266
donald trump,3024
covid19 pandemic,2996
19 vaccine,2972
new zealand,2971
nuevos casos,2790
19 deaths,2639
public health,2521
new york,2494
new covid,2479
casos covid,2461
pool party,2394
due covid,2374
coronavirus vaccine,2360
positive covid,2336
wuhan china,2256
social distancing,2116
tested positive,2091
casos coronavirus,2068
nursing homes,2006
covid19 cases,1930
