gram,counts
covid 19,96973
19 vaccine,5080
19 cases,4660
19 pandemic,2965
coronavirus covid19,2817
coronavirus cases,2320
covid19 coronavirus,2307
coronavirus pandemic,2250
new cases,2216
positive covid,2105
new covid,2005
coronavirus vaccine,1952
due covid,1670
19 deaths,1580
covid19 vaccine,1342
28 11,1317
covid19 pandemic,1315
nuevos casos,1302
johns hopkins,1295
casos covid,1258
19 restrictions,1254
tested positive,1177
via youtube,1159
protokol kesehatan,1139
wear mask,1111
new coronavirus,1109
stay home,1077
public health,1067
tests positive,1040
