gram,counts
covid 19,129210
100 mil,4736
19 cases,4615
19 pandemic,4526
coronavirus covid19,4160
coronavirus pandemic,4018
executive orders,3821
coronavirus relief,3813
coronavirus cases,3813
new cases,3318
100 000,3145
covid19 coronavirus,3111
trump signs,2272
due covid,2148
signs executive,2130
nuevos casos,2115
coronavirus vaccine,2080
19 vaccine,1973
casos covid,1967
positive covid,1954
new covid,1907
tested positive,1858
covid19 pandemic,1853
via youtube,1783
positive coronavirus,1778
president trump,1778
mil mortes,1749
public health,1746
casos coronavirus,1727
