gram,counts
covid 19,198823
coronavirus pandemic,8692
19 pandemic,7883
19 cases,6995
coronavirus cases,6920
coronavirus covid19,6830
covid19 coronavirus,5403
new cases,4759
covid19 pandemic,3586
social distancing,3184
casos covid,3113
due covid,3077
nuevos casos,2864
new coronavirus,2795
covid19 cases,2770
coronavirus covid,2718
death toll,2715
19 crisis,2676
coronavirus outbreak,2675
casos coronavirus,2586
due coronavirus,2426
tested positive,2298
new york,2255
june 10,2254
news coronavirus,2212
coronavirus crisis,2201
bbc news,2165
new normal,2162
due covid19,2158
