gram,counts
covid 19,94724
200 000,4478
19 cases,3614
pandemi covid19,3244
coronavirus covid19,3117
19 pandemic,2955
new cases,2887
coronavirus cases,2835
coronavirus pandemic,2726
covid19 coronavirus,2654
nuevos casos,1877
di tengah,1845
pilkada serentak,1817
serentak 2020,1707
masyarakat untuk,1694
dan masyarakat,1674
covid19 bukan,1670
untuk menangani,1669
pelanggaran hukum,1661
bukan halangan,1658
halangan bagi,1658
hukum dan,1657
bagi aparat,1656
aparat penegak,1656
penegak hukum,1656
menangani pelanggaran,1656
hukum di,1656
tengah pilkada,1656
new covid,1646
