gram,counts
covid 19,132164
new zealand,10144
100 days,7862
days without,6643
coronavirus cases,6064
19 cases,5854
community transmission,5769
without community,5604
gone 100,5555
zealand gone,5430
transmission covid,5355
coronavirus covid19,4198
covid19 coronavirus,3962
19 pandemic,3872
coronavirus pandemic,3845
coronavirus relief,3604
new cases,3468
100 000,3298
casos covid,2847
positive covid,2820
tested positive,2646
positive coronavirus,2536
nuevos casos,2530
executive actions,2453
test positive,2432
100 mil,2288
executive orders,2162
casos coronavirus,1988
united states,1927
