gram,counts
covid 19,107457
19 vaccine,13767
charley pride,5892
country music,4145
coronavirus vaccine,4043
19 complications,3736
19 cases,3394
pfizer covid,3338
legend charley,2704
pride dies,2664
music legend,2651
pfizer biontech,2611
covid19 coronavirus,2524
19 pandemic,2451
coronavirus covid19,2366
86 covid,2308
emergency use,2210
new cases,2182
covid19 vaccine,2151
positive covid,2146
coronavirus pandemic,2011
19 vaccines,2005
dies covid,1967
dies 86,1920
12 12,1904
coronavirus cases,1903
new covid,1718
12 2020,1534
click link,1529
