gram,counts
covid 19,153699
19 vaccine,5707
19 pandemic,5466
protokol kesehatan,5301
19 cases,5091
coronavirus covid19,4235
coronavirus pandemic,3943
coronavirus cases,3837
new cases,3379
positive covid,3127
19 dengan,3110
covid19 coronavirus,3095
coronavirus vaccine,3023
labor day,2796
cegah covid,2593
nuevos casos,2543
menerapkan protokol,2446
tested positive,2388
new covid,2303
robert pattinson,2247
due covid,2205
penyebaran covid,2177
casos covid,2157
19 pakaimaskerjagajarak,2144
covid19 pandemic,2125
1trenggalek mari,1963
19 deaths,1958
positive coronavirus,1932
new coronavirus,1909
