gram,counts
covid 19,73918
19 vaccine,7208
19 cases,2830
19 pandemic,2315
19 vaccines,1683
new cases,1552
coronavirus covid19,1430
new covid,1409
coronavirus pandemic,1405
covid19 vaccine,1242
one year,1235
covid19 coronavirus,1227
coronavirus vaccine,1177
coronavirus act,1150
19 vaccination,1150
casos covid,1082
astrazeneca covid,1076
covid19 pandemic,1059
coronavirus cases,955
14 marzo,913
nuevos casos,907
19 relief,898
new york,826
last year,793
da covid,789
relief bill,782
get covid,763
due covid,753
public health,744
