gram,counts
covid 19,94175
june15coup whatshappeninginmyanmar,6326
unfetteredaccessforaids june15coup,6102
19 vaccine,4952
tetap prokes,4428
health care,3449
19 vaccination,3326
polriperketatppkmvaksin tetap,3209
care need,3106
plan health,3105
sac plan,3104
need sac,3102
sac need,3101
need leaders,3101
leaders justice,3099
justice unfetteredaccessforaids,3098
600 000,2998
19 pandemic,2974
amp covid,2644
19 di,2587
military dictatorship,2486
covid period,2486
despite raining,2483
raining season,2483
season amp,2483
period myanmar,2483
myanmar ppl,2482
overthrow military,2482
ppl protest,2481
