gram,counts
covid 19,116902
19 vaccine,8745
covid19 sebebiyle,8118
bu iş,8116
iş yükü,8111
yeni atama,8111
kişilik kadro,8111
iş yükünü,8110
rterdogan vedatbilgn,8110
vedatbilgn ahmet_erdem60,8107
ahmet_erdem60 isyilmaz1971,8107
önlisans sosyal,8064
sosyal güvenlik,8064
güvenlik mezunları,8064
mezunları bu,8064
sebebiyle sgk,8054
sgk nın,8054
nın iş,8054
yükü artmıştır,8053
artmıştır önlisans,8053
vedatbilgn covid19,8052
isyilmaz1971 lutfiayddin,8031
atama döneminde,7988
döneminde 1500,7988
1500 kişilik,7988
hazırdır yeni,7792
yükünü sırtlanmaya,7543
sırtlanmaya hazırdır,7543
lutfiayddin 18binsosyalgüvenlikögrecileriatamabekliyor,6686
