gram,counts
covid 19,132308
19 vaccine,11890
19 cases,4711
19 pandemic,3925
19 vaccination,3443
19 vaccines,2680
coronavirus covid19,2627
batalla covid,2479
covid19 vaccine,2411
new covid,2366
covid19 coronavirus,2335
24 horas,2185
casos covid,2017
6abr fanb,2001
new cases,1951
gnbcuidadetiytufamilia yosoyfanb,1940
positive covid,1904
nicolasmaduro cmdtegralgnb,1858
geçmiş olsun,1820
fanb gnb,1748
public health,1712
cmdtegralgnb gnbgdjuvenal,1703
gnbgdjuvenal lopezvargasr,1661
coronavirus vaccine,1619
cuidémonosdelvirus gnbcuidadetiytufamilia,1602
nuevos casos,1580
april 2021,1567
april 19,1527
coronavirus cases,1516
