gram,counts
covid 19,64150
tested positive,5056
people tested,4744
whatshappeninginmyanmar june12coup,4209
19 vaccine,3444
19 vaccination,2701
19 may,2388
patients died,2355
may 27,2341
27 people,2335
positive 12,2334
died since,2333
12 patients,2332
positive yesterday,2332
since 19,2331
yesterday whatshappeninginmyanmar,2327
19 cases,2267
481 people,2124
19 pandemic,2114
kale sagaing,1949
june12coup milkteaalliance,1941
anti coup,1930
coup strike,1930
sagaing morning,1929
strike kale,1928
2021 06,1926
morning whatshappeninginmyanmar,1923
covid19 vaccine,1586
appointments available,1564
