gram,counts
covid 19,77337
19 vaccine,5422
500 000,3813
19 cases,2591
19 pandemic,2159
19 vaccines,2145
19 deaths,1574
new cases,1571
coronavirus covid19,1477
covid19 coronavirus,1470
covid19 vaccine,1445
new covid,1398
19 vaccination,1312
feb 21,1301
coronavirus vaccine,1253
coronavirus cases,1204
coronavirus pandemic,1185
death toll,1104
nuevos casos,1080
covid19 pandemic,1071
world war,987
new york,878
stay safe,843
000 covid,826
000 deaths,817
vacunación covid,816
vaksin covid,811
vaccine rollout,794
public health,773
