gram,counts
covid 19,119719
july22coup whatshappeninginmyanmar,19758
prisonerswithcovid_needrx july22coup,17693
whatshappeninginmyanmar july22coup,8098
07 2021,7956
uses covid,6579
junta uses,6543
19 vaccine,6297
whatshappeninginmyanmar sacwantscoviduncontrollable,4961
19 cases,4884
covid weapons,4822
prisonerswithcovid_needrx whatshappeninginmyanmar,4683
weapons myanmarcovidsos,3996
delta variant,3955
stoparrestingdoctors sacwantscoviduncontrollable,3716
myanmarcovidsos stoparrestingdoctors,3713
need help,3569
help covid,3539
19 whatshappeninginmyanmar,3432
protest military,3284
age limit,3272
pin code,3271
2021 vaccine,3270
staged protest,3270
min age,3268
dose1 capacity,3268
dose2 capacity,3268
dates available,3268
vaccine vaccinepune,3268
