gram,counts
covid 19,134795
19 vaccine,9922
penyintas covid,5152
covid berbagi,4862
pasien covid,4617
cegah covid,4396
19 pandemic,4230
plasma konvalesen,3864
disiplin cegah,3853
donor plasma,3526
19 vaccines,3380
skala mikro,3371
19 hingga,3252
yang dilakukan,3109
dilakukan dengan,3080
mikro adalah,3079
risiko covid,3079
pembatasan yang,3078
zona risiko,3078
pemantauan zona,3075
dengan pemantauan,3074
adalah pembatasan,3073
hingga tingkat,3072
covid ayodukungppkm,2992
tingkat rt,2991
coronavirus covid19,2981
ayo disiplin,2924
rt ayo,2912
melalui donor,2807
