gram,counts
covid 19,118008
19 vaccine,10055
19 cases,4768
19 vaccination,3716
19 pandemic,3617
19 vaccines,3214
covid19 coronavirus,2963
coronavirus covid19,2743
covid19 vaccine,2564
new cases,1919
new covid,1871
covid19 cases,1689
manmohan singh,1654
speedy recovery,1631
social distancing,1594
get vaccinated,1567
coronavirus cases,1553
prime minister,1533
covid19 pandemic,1490
public health,1441
red list,1441
due covid,1415
tested positive,1413
april 19,1394
nuevos casos,1374
casos covid,1373
get vaccine,1364
age 18,1352
limengyan covid19,1345
