gram,counts
covid 19,107430
19 vaccine,8662
19 pandemic,3812
19 vaccines,2894
19 cases,2750
visoniliberi emergenzavisoni,2284
min robersperanza,2226
di coronavirus,2212
di visoni,2197
covid19 vaccine,2118
19 vaccination,2084
new york,2054
covid19 coronavirus,1972
coronavirus covid19,1875
nursing home,1833
new covid,1765
new cases,1764
coronavirus pandemic,1660
allevamenti di,1651
sars cov,1602
nursing homes,1497
public health,1430
coronavirus vaccine,1395
covid19 pandemic,1381
coronavirus cases,1370
nuevos casos,1209
per gli,1184
19 deaths,1170
vacuna covid,1164
