gram,counts
covid 19,62881
whatshappeninginmyanmar july4coup,5973
07 2021,5084
july4coup whatshappeninginmyanmar,4469
19 vaccine,3350
covid19 pune,2975
age limit,2974
cowin covid19,2974
pin code,2973
2021 vaccine,2973
min age,2972
dose1 capacity,2972
dose2 capacity,2972
dates available,2972
vaccine vaccinepune,2972
vaccinepune cowin,2972
05 07,2783
covishield min,2638
19 vaccination,2599
delta variant,2519
2021 07,2519
must die,2285
dictators must,2282
kalay township,2281
today kalay,2278
township dictators,2278
die whatshappeninginmyanmar,2275
18 dose1,2144
limit 18,2132
