gram,counts
covid 19,104781
19 vaccine,7345
19 cases,3422
19 vaccines,3173
covid19 coronavirus,2869
19 pandemic,2189
19 vaccination,2142
coronavirus covid19,2132
new cases,2004
new covid,1858
400 000,1842
coronavirus vaccine,1761
covid19 vaccine,1741
coronavirus pandemic,1695
nuevos casos,1473
coronavirus cases,1458
tratamento precoce,1403
casos covid,1344
ice cream,1305
19 deaths,1275
uso emergencial,1148
vacuna covid,1135
19 brasil,1132
new coronavirus,1131
vaksin covid,1113
people died,1109
positive covid,1108
da covid,1054
24 horas,1031
