gram,counts
covid 19,129109
19 vaccine,12346
19 pandemic,4549
19 cases,4493
19 vaccines,3167
19 vaccination,2917
covid19 vaccine,2727
coronavirus covid19,2433
new covid,2305
covid19 coronavirus,2300
everynight 8pm,2234
blood clots,2133
covid19 pandemic,2057
new cases,2008
casos covid,1870
world health,1782
positive covid,1779
24 horas,1697
19 via,1647
19 positive,1603
public health,1569
april 2021,1563
coronavirus vaccine,1557
covid19 cases,1519
coronavirus pandemic,1507
coronavirus cases,1502
health day,1498
da covid,1482
astrazeneca covid,1462
