gram,counts
covid 19,119242
19 vaccine,10716
19 pandemic,4394
19 vaccines,3518
19 cases,3246
covid19 vaccine,2846
19 vaccination,2392
coronavirus vaccine,2217
coronavirus covid19,2171
vacunas covid,2132
vacunación covid,2105
new cases,2054
covid19 coronavirus,2054
new york,1993
vacuna covid,1956
coronavirus pandemic,1871
new covid,1840
nuevos casos,1530
covid19 pandemic,1454
vacunas covid19,1371
coronavirus cases,1298
casos covid,1292
public health,1260
19 vaccinations,1192
vacunación covid19,1149
19 di,1134
new coronavirus,1115
dosis vacuna,1102
south africa,1083
