gram,counts
covid 19,122114
july29coup whatshappeninginmyanmar,13834
19 vaccine,6987
07 2021,6677
19 cases,5210
whatshappeninginmyanmar july29coup,5058
delta variant,4257
19 crisis,4249
dreadfulcovidamidmilitarycoup whatshappeninginmyanmar,3509
sac terrorists,3493
uses covid,3435
junta uses,3420
covid weapons,3419
2021 vaccine,3253
pin code,3247
age limit,3239
dates available,3232
cowin covid19,3231
min age,3229
dose1 capacity,3229
dose2 capacity,3229
vaccine vaccinepune,3229
vaccinepune cowin,3229
covid19 pune,3229
19 pandemic,3180
pandemi covid,3121
19 di,3071
get vaccinated,2933
30 07,2818
