gram,counts
covid 19,106309
500 000,10075
19 vaccine,7781
19 pandemic,3806
19 deaths,3230
19 vaccines,2828
19 cases,2725
death toll,2640
000 covid,1972
covid19 vaccine,1917
19 vaccination,1875
covid19 coronavirus,1794
half million,1775
new cases,1736
coronavirus covid19,1699
coronavirus pandemic,1696
new covid,1573
covid19 pandemic,1554
coronavirus vaccine,1487
lives lost,1413
vacunación covid,1355
coronavirus cases,1320
public health,1319
joe biden,1303
nuevos casos,1191
united states,1168
died covid,1144
19 relief,1144
vacuna covid,1143
