gram,counts
covid 19,72335
06 2021,5877
whatshappeninginmyanmar june26coup,5805
june26coup whatshappeninginmyanmar,5290
34wilayah polda,3893
genocidalmilitary june26coup,3336
pin code,3168
cowin covid19,3168
2021 vaccine,3166
age limit,3165
covid19 pune,3165
min age,3164
dose1 capacity,3164
dose2 capacity,3164
dates available,3164
vaccine vaccinepune,3164
vaccinepune cowin,3164
public health,3065
19 vaccine,2905
delta variant,2866
covishield min,2755
19 vaccination,2686
health care,2657
june26coup genocidalmilitary,2611
human rights,2559
health impacts,2484
myanmar genocidalmilitary,2484
impacts communities,2482
devastating public,2481
