gram,counts
covid 19,408077
need help,333414
help covid,329487
july10coup whatshappeninginmyanmar,204535
19 july10coup,194716
whatshappeninginmyanmar july10coup,120566
we need,111249
19 whatshappeninginmyanmar,106169
military dictatorship,72884
july 10,49612
10 we,29142
whatshappeninginmyanmar dreadfulcovidamidmilitarycoup,24203
anti military,22054
military regime,19309
pro democracy,17254
kachin state,15929
anti coup,14883
myanmarneedso2 july11coup,13928
protest military,13810
dictatorship we,13522
july11coup whatshappeninginmyanmar,13182
19 myanmarneedso2,13088
main strike,12932
10 2021,12537
overthrow military,12226
today need,11853
dictatorship need,11338
19 dreadfulcovidamidmilitarycoup,11184
strike military,10594
