gram,counts
covid 19,125500
july12coup whatshappeninginmyanmar,51293
sacwantscoviduncontrollable july12coup,44146
need help,20681
help covid,20379
whatshappeninginmyanmar july12coup,18670
sacwantscoviduncontrollable whatshappeninginmyanmar,10527
19 sacwantscoviduncontrollable,9791
07 2021,6844
july12coup sacwantscoviduncontrollable,6732
19 vaccine,6500
19 whatshappeninginmyanmar,5301
military dictatorship,4633
myanmar sacwantscoviduncontrollable,4615
junta terrorists,4116
myanmarneedso2 whatshappeninginmyanmar,3950
weapon sacwantscoviduncontrollable,3901
19 cases,3785
whatshappeninginmyanmar telenor_m1ispartnerofsac,3588
19 myanmarneedso2,3558
age limit,3320
2021 vaccine,3320
covid19 pune,3319
pin code,3318
min age,3317
dose1 capacity,3317
dose2 capacity,3317
dates available,3317
vaccine vaccinepune,3317
