gram,counts
covid 19,111829
19 vaccine,8097
19 cases,4338
19 vaccines,3252
death toll,2610
19 pandemic,2496
covid19 coronavirus,2422
coronavirus cases,2381
350 000,2349
coronavirus covid19,2300
new year,2259
new covid,2197
new cases,2196
larry king,2132
coronavirus pandemic,1965
coronavirus vaccine,1959
covid19 vaccine,1910
19 death,1896
19 deaths,1827
positive covid,1639
realdonaldtrump cdcgov,1594
boris johnson,1554
au sort,1506
bharat biotech,1469
new coronavirus,1468
emergency use,1437
casos covid,1409
tested positive,1406
coronavirus covid,1398
