gram,counts
covid 19,61542
07 2021,5656
murdererminaunghlaing whatshappeninginmyanmar,3905
19 vaccine,3540
pin code,3150
2021 vaccine,3150
age limit,3149
cowin covid19,3149
min age,3146
dose1 capacity,3146
dose2 capacity,3146
dates available,3146
vaccine vaccinepune,3146
vaccinepune cowin,3146
covid19 pune,3146
july3revilestrike murdererminaunghlaing,3067
19 vaccination,2859
whatshappeninginmyanmar july3coup,2768
covishield min,2710
03 07,2579
july3revilestrike whatshappeninginmyanmar,2551
2021 07,2484
delta variant,2395
fighting covid19,2341
limit 18,2312
suffering people,2287
time murdererminaunghlaing,2286
militarycoup time,2285
worsened suffering,2285
