gram,counts
covid 19,93594
19 vaccine,6146
19 vaccination,3577
19 pandemic,3151
cegah pandemi,2901
19 di,2795
000 people,2626
disiplinprokesppkmvaksinasi cegah,2497
236 000,2466
assistance amid,2463
aid organisation,2458
19 cases,2365
19 vaccines,2228
covid19 vaccine,2038
2021 06,1993
people need,1982
19 military,1888
need urgent,1866
military coup,1863
urgent assistance,1861
amid upheaval,1861
upheaval covid,1860
organisation says,1858
says 236,1858
coup myanmar,1855
myanmar jazeera,1852
jazeera whatshappeninginmyanmar,1850
appointments available,1757
covid19 coronavirus,1625
