gram,counts
covid 19,120065
19 vaccine,12785
19 cases,3918
19 pandemic,3615
19 vaccination,3303
covid19 vaccine,2881
19 vaccines,2853
ministry education,2647
ministry health,2577
daily cases,2531
reached 600,2508
19 epidemic,2495
system covid,2463
put pressure,2456
education ministry,2454
600 daily,2454
asking unesco,2452
examination system,2452
epidemic reached,2452
students asking,2451
intervene put,2451
pressure ministry,2451
unesco intervene,2450
health change,2450
change examination,2450
iraqi students,2418
cases unesco_save_us,2413
vacunación covid,2412
coronavirus covid19,2299
