gram,counts
covid 19,109016
19 vaccine,9427
19 pandemic,7798
whatshappeninginmyanmar may12coup,4534
lebarantanpakerumunantakbir dirumah,3931
dirumah saja,3581
protokol kesehatan,3311
19 vaccination,3107
pandemic people,3101
far worse,3086
worse covid,3086
people suffered,3072
may12coup crimesagainsthumanity,3071
military coup,3069
coup disaster,3065
disaster far,3065
crimesagainsthumanity hearthevoiceofmyanmar,3063
alot whatshappeninginmyanmar,3060
suffered alot,3060
19 cases,2942
19 vaccines,2660
12 15,2545
covid19 vaccine,2296
penularan covid,2264
coronavirus covid19,2151
covid19 coronavirus,2111
covid19 pandemic,1974
19 dan,1878
pfizer covid,1736
