gram,counts
covid 19,113973
19 vaccine,8564
19 cases,3812
19 pandemic,3432
19 vaccines,3127
19 vaccination,2764
penyebaran covid,2634
coronavirus covid19,2549
covid19 coronavirus,2233
covid19 vaccine,2232
india covid,2101
due covid,2074
new cases,1861
travel india,1816
covid19 pandemic,1687
stop mudik,1681
19 crisis,1632
second wave,1579
rantai penyebaran,1547
new covid,1522
coronavirus pandemic,1422
19 patients,1405
due covid19,1394
rohit sardana,1355
coronavirus cases,1348
demi memutus,1301
mudik demi,1300
fully vaccinated,1265
19 di,1239
