gram,counts
covid 19,128158
july20coup whatshappeninginmyanmar,22937
stoparrestingdoctors july20coup,14815
whatshappeninginmyanmar july20coup,8437
uses covid,8146
junta uses,8071
covid weapons,7982
07 2021,7619
need help,6836
help covid,6739
19 whatshappeninginmyanmar,6497
weapons myanmarcovidsos,5599
19 cases,5381
19 vaccine,5235
stoparrestingdoctors whatshappeninginmyanmar,4960
delta variant,4321
myanmarcovidsos july20coup,4304
july20coup stoparrestingdoctors,3976
19 patients,3953
rest power,3790
doctors stoparrestingdoctors,3714
pin code,3584
covid19 pune,3581
age limit,3580
2021 vaccine,3580
min age,3578
dose1 capacity,3578
dose2 capacity,3578
dates available,3578
