gram,counts
covid 19,138958
19 vaccine,11481
19 cases,4616
19 pandemic,3988
19 vaccines,3173
coronavirus covid19,2852
new covid,2735
covid19 vaccine,2639
covid19 coronavirus,2576
new cases,2561
coronavirus vaccine,2427
positive covid,2309
coronavirus cases,2289
coronavirus pandemic,2252
19 vaccination,2057
casos covid,1960
due covid,1796
nuevos casos,1662
24 horas,1610
covid19 pandemic,1589
new coronavirus,1582
public health,1542
vacuna covid,1462
tested positive,1438
19 test,1354
coronavirus covid,1345
vaccine rollout,1330
stay home,1328
january 2021,1316
