gram,counts
covid 19,113261
19 vaccine,10416
19 cases,4239
johnson amp,3969
amp johnson,3883
19 pandemic,3829
coronavirus covid19,3048
19 vaccines,2687
covid19 coronavirus,2567
covid19 vaccine,2195
19 vaccination,2035
new covid,1909
covid19 cases,1868
new cases,1824
blood clots,1704
da covid,1660
johnson covid,1645
positive covid,1637
coronavirus cases,1621
vacuna covid,1523
covid19 pandemic,1481
due covid,1446
coronavirus pandemic,1388
nuevos casos,1377
apr14coup whatshappeninginmyanmar,1361
casos covid,1308
public health,1305
24 horas,1280
coronavirus vaccine,1168
