gram,counts
covid 19,156436
19 vaccine,14607
19 vaccination,4636
19 vaccines,4153
19 pandemic,3966
coronavirus covid19,3509
19 cases,3398
covid19 coronavirus,3357
covid19 vaccine,3231
coronavirus vaccine,2823
new covid,2750
death toll,2548
coronavirus pandemic,2525
new cases,2248
joe biden,2197
positive covid,2178
vaccination drive,2153
casos covid,2151
due covid,1823
nuevos casos,1805
covid19 pandemic,1804
tratamento precoce,1759
19 deaths,1693
public health,1686
coronavirus cases,1679
get covid,1639
tested positive,1561
president elect,1561
da covid,1557
