gram,counts
covid 19,108350
19 vaccine,8424
19 cases,4734
19 pandemic,3364
19 vaccines,3191
coronavirus covid19,2535
covid19 coronavirus,2297
19 vaccination,2287
new covid,2148
covid19 vaccine,1997
new cases,1995
covid19 cases,1883
casos covid,1340
public health,1322
da covid,1319
covid19 pandemic,1292
nuevos casos,1273
positive covid,1252
fully vaccinated,1252
coronavirus pandemic,1246
coronavirus cases,1202
dosis vacuna,1178
2021 04,1170
coronavirus covid,1155
april 16,1145
24 hours,1131
vacuna covid,1076
24 horas,1057
tested positive,1055
