gram,counts
covid 19,74190
19 vaccine,3871
19 cases,3436
death toll,2332
19 vaccines,2020
19 pandemic,1954
covid19 coronavirus,1870
19 vaccination,1831
coronavirus covid19,1677
new covid,1641
medidas bioseguridad,1485
variantes brasileñas,1421
haciendo estragos,1371
19 siguen,1370
siguen haciendo,1366
brasileñas covid,1361
estragos mundo,1357
19 death,1302
reforzar medidas,1292
vamos reforzar,1275
mundo vamos,1249
new cases,1237
tiempo perder,1234
covid19 cases,1231
bioseguridad tiempo,1208
2021 04,1177
etiqueta día,1174
coronavirus cases,1163
daleunparaoalacovidlas variantes,1140
