gram,counts
covid 19,122090
july15coup whatshappeninginmyanmar,27476
myanmarcovidsos july15coup,22399
myanmarcovidsos whatshappeninginmyanmar,9251
whatshappeninginmyanmar july15coup,8791
07 2021,8064
need help,6494
19 cases,6338
help covid,6236
19 vaccine,4749
myanmarneedso2 sacwantscoviduncontrollable,4078
whatshappeninginmyanmar myanmarcovidsos,3943
july15coup myanmarcovidsos,3741
new covid,3702
paletwa township,3680
age limit,3478
2021 vaccine,3475
cowin covid19,3474
pin code,3473
min age,3471
dose1 capacity,3471
dose2 capacity,3471
dates available,3471
vaccine vaccinepune,3471
vaccinepune cowin,3471
covid19 pune,3471
19 myanmarcovidsos,3335
delta variant,3313
19 pandemic,3087
