gram,counts
covid 19,113065
us breathe,27960
let us,26787
july26coup whatshappeninginmyanmar,25292
breathe stopsacfromrobbingo2,24301
stopsacfromrobbingo2 july26coup,22389
cubaporlavida cubacoopera,9794
siempre 26,8198
cubacoopera somoscontinuidad,7976
07 2021,7772
minsapcuba cubacooperaven,7764
19 vaccine,6095
26julio cubaporlavida,6083
26julio mimoncadahoy,5823
somoscontinuidad minsapcuba,5603
19 cases,5097
26 26julio,4557
whatshappeninginmyanmar july26coup,4274
delta variant,4042
colaboradores cubanos,3631
pin code,3534
2021 vaccine,3534
min age,3530
age limit,3530
dose1 capacity,3530
dose2 capacity,3530
dates available,3530
vaccine vaccinepune,3530
vaccinepune cowin,3530
