gram,counts
covid 19,96734
june30coup whatshappeninginmyanmar,7139
dreadfulcovidamidmilitarycoup june30coup,5541
19 vaccine,5426
indonesia maju,5243
07 2021,5060
19 cases,4771
whatshappeninginmyanmar dreadfulcovidamidmilitarycoup,4104
pin code,3990
2021 vaccine,3987
cowin covid19,3987
age limit,3986
covid19 pune,3984
min age,3983
dose1 capacity,3983
dose2 capacity,3983
dates available,3983
vaccine vaccinepune,3983
vaccinepune cowin,3983
military junta,3532
delta variant,3490
covishield min,3392
19 pandemic,3207
01 07,3108
1jutavaksinpolriuntuk indonesia,3016
19 vaccination,2970
penanganan covid,2880
19 untuk,2755
30 06,2703
