gram,counts
covid 19,115249
19 vaccine,10956
19 pandemic,3862
19 vaccines,3551
19 cases,3513
ayovaksintetap5mbangkit indonesia,2698
covid19 vaccine,2696
19 vaccination,2479
indonesia sehat,2384
coronavirus covid19,2282
covid19 coronavirus,2055
new cases,1915
new covid,1751
vaksinasi covid,1709
coronavirus cases,1588
casos covid,1465
covid19 pandemic,1436
coronavirus pandemic,1426
get covid,1383
public health,1379
coronavirus act,1368
da covid,1348
19 di,1339
consecuencia covid19,1304
quedado devastadas,1292
enteras quedado,1291
devastadas consecuencia,1290
familias enteras,1283
vacunas covid,1261
