gram,counts
covid 19,83493
19 vaccine,9529
johnson amp,5151
amp johnson,5108
19 relief,3689
โคว ด19,2575
19 cases,2564
ไม ได,2343
แจกฟร ไม,2338
ได ไง,2338
ด19 เป,2336
เป าต,2336
าต เราชนะ,2336
เราชนะ แจกฟร,2336
ไง แจกอ,2336
แจกอ งเปา,2336
เล นได,2327
19 vaccines,2320
ไหน เล,2319
อย ไหน,2317
dawnofdruids โคว,2310
งเปา covid19,2213
relief bill,2211
นได dawnofdruids,2191
19 pandemic,2087
covid19 pandemic,1917
trillion covid,1910
covid19 vaccine,1865
coronavirus vaccine,1860
