gram,counts
covid 19,93045
19 vaccine,5982
whatshappeninginmyanmar june4coup,4991
myanmar people,4462
people facing,4001
19 vaccination,3330
19 pandemic,3142
unintentionally making,2769
pmaurericrc icrc,2768
militarycoup legitimate,2767
making militarycoup,2764
icrc probably,2764
military leaders,2764
intl supports,2764
probably unintentionally,2763
benefits whatshappeninginmyanmar,2763
people military,2762
supports benefits,2762
legitimate wo,2761
leaders use,2761
use intl,2761
wo helps,2760
helps myanmar,2760
2021 06,2703
19 cases,2682
covid19 coronavirus,2507
19 vaccines,2405
worse covid,2371
facing brutal,2349
