gram,counts
covid 19,149254
19 vaccine,11304
19 cases,4650
19 pandemic,3902
positive covid,3326
19 vaccines,3269
covid19 vaccine,3135
19 vaccination,3070
covid19 coronavirus,2805
new covid,2746
coronavirus covid19,2725
nueva cepa,2572
tested positive,2498
casos covid,2435
coronavirus pandemic,2376
new cases,2352
coronavirus vaccine,2312
vaksin covid,2273
san diego,2059
coronavirus cases,2015
due covid,1915
nuevos casos,1819
public health,1797
covid19 pandemic,1714
positive coronavirus,1686
test positive,1601
new coronavirus,1502
reino unido,1455
19 testing,1444
