gram,counts
covid 19,112791
19 vaccine,9829
19 cases,5223
19 pandemic,2929
19 vaccination,2651
coronavirus covid19,2376
covid19 vaccine,2229
new covid,2113
19 vaccines,2100
covid19 coronavirus,2097
new cases,1997
casos covid,1996
vacuna covid,1679
medidas bioseguridad,1670
positive covid,1662
public health,1604
variantes brasileñas,1554
nuevos casos,1551
coronavirus cases,1529
coronavirus pandemic,1498
haciendo estragos,1480
siguen haciendo,1474
da covid,1432
covid19 cases,1381
april 2021,1365
19 siguen,1338
segunda dosis,1329
dosis vacuna,1316
coronavirus vaccine,1304
