gram,counts
covid 19,90044
19 vaccine,6384
19 pandemic,3501
19 vaccination,3301
05 2021,3026
19 cases,2671
19 vaccines,2652
vaccine appointment,2350
covid19 covid19vaccine,2307
age 18,2272
appointment available,2242
2021 fee,2241
covid19vaccine covidindia,2241
covidindia vaccination,2241
vaccination cowinnotifier,2241
available age,2223
fee free,2164
2021 05,2016
coronavirus covid19,2000
covid19 vaccine,1812
covid19 coronavirus,1794
05 21,1727
appointments available,1619
21 05,1527
vaccination appointments,1518
cvs near,1487
available cvs,1484
sign 2021,1484
new cases,1449
