gram,counts
covid 19,111363
19 vaccine,12488
19 pandemic,3651
johnson amp,3452
amp johnson,3442
19 vaccines,3276
covid19 vaccine,2775
19 cases,2732
19 vaccination,2534
coronavirus vaccine,2131
19 relief,2031
coronavirus covid19,1890
covid19 pandemic,1855
new cases,1817
covid19 coronavirus,1758
new covid,1661
coronavirus pandemic,1599
da covid,1389
public health,1328
coronavirus cases,1223
minimum wage,1220
relief bill,1220
nuevos casos,1193
vacuna covid,1191
casos covid,1171
vaksinasi covid,1160
vacunas covid,1145
vacunación covid,1134
rterdogan drfahrettinkoca,1116
