gram,counts
covid 19,110047
19 vaccine,11655
abaikan pandemi,4049
19 cases,3383
19 vaccines,3365
19 pandemic,3354
19 vaccination,3259
get covid,3255
silaturahmitanpamudikjangan abaikan,2936
year old,2865
old woman,2419
waiting get,2414
accidentally shot,2411
30 year,2410
vaccine front,2410
front hospital,2407
killed 30,2406
shot killed,2406
one accidentally,2405
woman waiting,2403
hospital sac,2397
best terrorize,2397
terrorize citizens,2393
citizens lie,2393
sac best,2389
lie whatshappeninginmyanmar,2374
jangan abaikan,2132
coronavirus covid19,2112
covid19 coronavirus,2083
