gram,counts
covid 19,77566
19 vaccine,7267
19 pandemic,2747
19 cases,2646
19 vaccines,2045
coronavirus covid19,1665
one year,1546
covid19 pandemic,1519
covid19 vaccine,1477
new cases,1473
covid19 coronavirus,1455
new covid,1408
coronavirus pandemic,1346
19 vaccination,1317
coronavirus vaccine,1118
pandemia covid,1064
coronavirus cases,1059
fi zyoterapi,1056
casos covid,1021
year ago,1009
19 relief,1008
13 marzo,1007
last year,1007
da covid,947
mar 21,939
nuevos casos,904
fanb gnb,891
positive covid,857
año pandemia,854
