gram,counts
covid 19,107626
19 vaccine,9247
19 pandemic,3700
19 cases,3698
19 vaccines,2753
covid19 vaccine,2544
coronavirus covid19,2315
19 vaccination,2079
covid19 coronavirus,1997
new cases,1910
new covid,1760
coronavirus vaccine,1612
coronavirus cases,1594
da covid,1593
medidas bioseguridad,1542
astrazeneca covid,1532
casos covid,1424
coronavirus pandemic,1415
covid19 pandemic,1400
last year,1395
due covid,1364
covid19 cases,1303
mar lago,1246
public health,1225
nuevos casos,1224
vacunas covid,1192
19 outbreak,1130
19 marzo,1102
variantes brasileñas,1101
