gram,counts
covid 19,88667
19 vaccine,5720
19 vaccination,3060
19 pandemic,2728
whatshappeninginmyanmar june18coup,2526
delta variant,2510
abducted tortured,2465
terrorists myanmar,2465
tortured brainless,2464
brainless juntas,2464
juntas amp,2464
amp terrorists,2464
myanmar non,2461
non sense,2461
wisdoms abducted,2460
june18coup crimesagainsthumanity,2460
educated person,2459
person wisdoms,2459
sense whatshappeninginmyanmar,2454
19 cases,2440
kasus covid,2397
19 vaccines,2396
06 2021,2332
vaksinasi1juta1haripolri perketat,2298
2021 06,1793
protokol kesehatan,1640
covid19 vaccine,1622
penyebaran covid,1599
perketat ppkm5m,1595
