gram,counts
covid 19,103879
19 vaccine,8455
larry king,4522
19 pandemic,2756
19 cases,2575
19 vaccines,2287
new covid,2059
coronavirus covid19,1878
positive covid,1776
covid19 coronavirus,1764
new cases,1729
covid19 vaccine,1661
coronavirus pandemic,1611
coronavirus vaccine,1532
nuevos casos,1412
due covid,1356
boris johnson,1339
new coronavirus,1324
joe biden,1295
casos covid,1282
19 vaccination,1268
coronavirus cases,1254
tested positive,1214
bill gates,1183
national guard,1139
19 variant,1101
vacuna covid,1061
jan 21,1041
coronavirus covid,1014
