gram,counts
covid 19,69632
whatshappeninginmyanmar june5coup,6287
19 vaccine,3794
people facing,2995
june5coup lesstalkmoreactionsasean,2903
19 vaccination,2862
brutal military,2851
military dictator,2849
facing covid,2835
19 brutal,2831
dictator whatshappeninginmyanmar,2822
june5coup releasethedetainees,2802
2021 06,2411
pandemi covid,2134
19 cases,2035
19 pandemic,1933
appointments available,1797
covid19 coronavirus,1740
available cvs,1675
vaccination appointments,1602
cvs near,1591
sign 2021,1591
06 05,1552
19 vaccines,1522
new cases,1460
coronavirus covid19,1418
untuk negeri,1276
fizik tedavi,1239
covid19 vaccine,1182
