gram,counts
covid 19,95183
19 vaccine,5626
19 cases,5127
may28coup whatshappeninginmyanmar,4980
3tcegahpandemilangkah pemeriksaan,3950
19 vaccination,3773
pemeriksaan dini,3509
19 pandemic,2979
19 vaccines,2482
19 positive,2370
ministry health,2335
2021 05,2298
people tested,2259
tested covid,2248
96 people,2202
health sports,2201
sports mohs,2201
myanmar ministry,2199
mohs announced,2190
positive 85,2190
announced 96,2189
85 naypyidaw,2187
naypyidaw may28coup,2184
appointments available,2037
available cvs,1901
vaccination appointments,1893
cvs near,1867
sign 2021,1856
05 28,1780
