gram,counts
covid 19,98165
19 vaccine,6445
19 cases,2711
19 vaccines,2672
19 pandemic,2419
19 relief,2286
tom moore,2248
19 vaccination,2116
coronavirus vaccine,2025
new covid,1799
sir tom,1789
coronavirus covid19,1775
covid19 coronavirus,1763
new cases,1757
coronavirus pandemic,1667
covid19 vaccine,1608
positive covid,1432
captain sir,1410
protokol kesehatan,1306
captain tom,1249
nuevos casos,1248
19 di,1135
moore hospital,1084
hospital coronavirus,1081
coronavirus cases,1050
year old,1048
covid19 pandemic,1024
casos covid,1017
vaccine doses,1004
