gram,counts
covid 19,157924
19 vaccine,13739
400 000,9242
19 pandemic,4456
19 vaccines,4099
19 cases,3660
new covid,2820
covid19 coronavirus,2798
coronavirus pandemic,2782
joe biden,2734
19 vaccination,2718
coronavirus covid19,2710
covid19 vaccine,2708
19 memorial,2426
death toll,2399
19 deaths,2390
coronavirus vaccine,2245
new cases,2162
lives lost,1890
president elect,1818
public health,1810
covid19 pandemic,1774
due covid,1758
vacinação covid,1704
vacina covid,1651
19 em,1649
nuevos casos,1647
casos covid,1614
coronavirus deaths,1557
