gram,counts
covid 19,67288
whatshappeninginmyanmar may30coup,4116
19 vaccine,3433
19 vaccination,2823
19 cases,2467
19 pandemic,2251
2021 05,2221
appointments available,1899
destroyed future,1879
future lost,1879
junta destroyed,1877
may30coup junta,1873
vaccination appointments,1864
cvs near,1856
available cvs,1828
sign 2021,1828
05 30,1678
19 vaccines,1599
coronavirus covid19,1503
covid19 coronavirus,1431
new covid,1354
new cases,1354
pa sign,1242
wuhan lab,1029
nuevos casos,991
vacunación masiva,972
covid19 vaccine,948
covid19 pandemic,929
covid19 cases,873
