gram,counts
covid 19,155343
19 vaccine,12335
vaksin covid,6618
19 cases,5395
boris johnson,4778
19 pandemic,4084
covid19 coronavirus,3881
19 vaccines,3729
new covid,3502
coronavirus covid19,3384
covid19 vaccine,3297
coronavirus vaccine,3208
new year,2860
new york,2701
mobil patroli,2654
positive covid,2563
new cases,2551
national lockdown,2522
coronavirus cases,2492
vaksin covid19,2382
coronavirus pandemic,2344
19 di,2337
stay home,2318
covid19 sinovac,2189
casos covid,2159
reino unido,2130
19 vaccination,2115
tested positive,1990
new coronavirus,1983
