gram,counts
covid 19,107924
19 vaccine,9123
19 cases,4328
new year,3433
larry king,2902
new covid,2653
19 pandemic,2578
19 vaccines,2418
coronavirus cases,2308
covid19 coronavirus,2108
coronavirus covid19,2069
coronavirus vaccine,2045
covid19 vaccine,1988
new cases,1957
coronavirus pandemic,1675
new coronavirus,1671
positive covid,1656
health care,1607
stay safe,1421
19 deaths,1379
casos covid,1369
new york,1350
tested positive,1326
dry run,1282
due covid,1268
19 vaccination,1262
king hospitalized,1229
nuevos casos,1194
public health,1177
