gram,counts
covid 19,71750
19 vaccine,4287
19 vaccination,3544
2021 05,2892
19 cases,2782
05 2021,2710
appointments available,2600
19 pandemic,2581
vaccination appointments,2514
cvs near,2496
available cvs,2376
sign 2021,2376
vaccine appointment,2322
appointment available,2282
covid19 covid19vaccine,2200
age 18,2118
covidindia vaccination,2086
covid19vaccine covidindia,2085
2021 fee,2084
vaccination cowinnotifier,2084
cowinnotifier westbengal,2084
fee free,2067
05 15,2059
pa sign,2052
available age,2033
coronavirus covid19,1931
covid19 coronavirus,1753
19 vaccines,1573
fully vaccinated,1351
