gram,counts
covid 19,167218
19 vaccine,12571
vaksin covid,5841
vaksinasi covid,5793
positive covid,5173
19 pandemic,4634
19 cases,4241
19 vaccines,4178
coronavirus covid19,3919
covid19 coronavirus,3624
covid19 vaccine,3383
tested positive,3381
wear mask,2912
new covid,2784
wear masks,2690
19 vaccination,2673
19 vaksinasimelawanpandemi,2412
coronavirus vaccine,2401
tests positive,2395
test positive,2340
coronavirus pandemic,2328
ayo kita,2282
program vaksinasi,2272
sukseskan vaksinasi,2237
januari 2021,2232
new cases,2223
hari ini,2200
19 test,2135
san diego,2067
