gram,counts
covid 19,73362
19 vaccine,4014
cubacoopera cubaporlavida,2791
19 cases,2628
19 vaccination,2624
2021 05,2419
19 pandemic,2305
58aniversariocolaboraciónmédica cubacoopera,2050
covid19 coronavirus,1959
médica cubana,1668
cubaporlavida eliminaelbloqueo,1594
colaboración médica,1553
wuhan lab,1547
appointments available,1531
new covid,1501
coronavirus covid19,1480
new cases,1471
19 vaccines,1415
05 23,1412
available cvs,1398
vaccination appointments,1386
cvs near,1372
sign 2021,1372
cubana fortaleza,1354
fortaleza combate,1354
nicolasmaduro pardoregla,1211
05 2021,1191
cubaporlavida diazcanelb,1185
cubacoopera_ve3 minsapcuba,1131
