gram,counts
covid 19,122098
19 vaccine,10514
19 cases,4474
19 pandemic,4363
19 vaccines,3630
19 vaccination,3304
covid19 vaccine,2597
coronavirus covid19,2515
covid19 coronavirus,2291
new covid,2067
new cases,1971
medidas bioseguridad,1745
coronavirus cases,1658
coronavirus vaccine,1639
coronavirus pandemic,1635
propagación covid19,1615
24 horas,1578
covid19 pandemic,1544
positive covid,1534
casos covid,1498
evitamos cumpliendo,1480
covid19 evitamos,1471
cumpliendo responsabilidad,1449
responsabilidad medidas,1448
public health,1430
2021 03,1397
combatir virus,1384
complemento combatir,1380
vacuna complemento,1377
