gram,counts
covid 19,112996
19 vaccine,8705
19 cases,4804
19 pandemic,3669
19 vaccination,2957
19 vaccines,2921
coronavirus covid19,2590
covid19 vaccine,2373
covid19 coronavirus,2329
new cases,2081
new covid,1877
casos covid,1759
covid19 cases,1651
da covid,1619
coronavirus pandemic,1501
covid19 pandemic,1438
coronavirus cases,1349
nuevos casos,1322
due covid,1302
april 12,1298
public health,1294
junta massacre,1294
vacuna covid,1235
whatshappeninginmyanmar apr12coup,1189
apr12coup whatshappeninginmyanmar,1189
24 horas,1169
last year,1139
2021 04,1121
coronavirus vaccine,1074
