gram,counts
covid 19,158040
19 vaccine,13084
19 pandemic,4397
19 cases,3488
19 vaccines,3437
19 vaccination,3248
covid19 vaccine,2992
covid19 coronavirus,2725
positive covid,2693
vaksinasi covid,2663
new covid,2663
coronavirus pandemic,2606
vaksin covid,2526
coronavirus vaccine,2520
coronavirus covid19,2492
new cases,2126
covid19 pandemic,1994
casos covid,1944
couvre feu,1874
due covid,1860
joe biden,1855
vacuna covid,1832
public health,1794
19 di,1771
get covid,1728
tested positive,1728
nuevos casos,1715
stay safe,1670
coronavirus cases,1556
