gram,counts
covid 19,84929
19 vaccine,5554
19 cases,3469
19 vaccination,3044
19 pandemic,2722
coronavirus covid19,2029
19 vaccines,1937
400 000,1864
new cases,1850
india covid,1841
2021 05,1838
covid19 coronavirus,1777
appointments available,1626
19 crisis,1611
second wave,1547
new covid,1545
vaccination appointments,1531
cvs near,1508
available cvs,1421
sign 2021,1416
due covid,1378
05 01,1355
covid19 pandemic,1331
coronavirus cases,1282
19 patients,1230
24 hours,1219
covid19 cases,1187
covid19 vaccine,1152
coronavirus pandemic,1092
