gram,counts
covid 19,69615
19 vaccine,4031
19 vaccination,2763
19 cases,2740
19 pandemic,2052
2021 05,2023
19 vaccines,1824
05 2021,1557
appointments available,1542
coronavirus covid19,1518
vaccination appointments,1518
cvs near,1505
19 restrictions,1504
available cvs,1503
sign 2021,1503
covid19 coronavirus,1495
new covid,1448
05 22,1427
covid19 vaccine,1312
social care,1254
restrictions lifted,1251
care covid,1244
new cases,1225
borisjohnson matthancock,1223
22 05,1213
add name,1210
major reorganisation,1207
reorganisation nhs,1207
petition asking,1205
