gram,counts
covid 19,133103
july13coup whatshappeninginmyanmar,16151
sacwantscoviduncontrollable whatshappeninginmyanmar,12578
myanmarneedso2 sacwantscoviduncontrollable,10241
need help,9798
help covid,9657
whatshappeninginmyanmar july13coup,8930
07 2021,7426
19 vaccine,6230
get well,5350
well soon,4879
19 myanmarneedso2,4734
myanmarneedso2 whatshappeninginmyanmar,4654
19 cases,4618
dreadfulcovidamidmilitarycoup july13coup,3838
pin code,3582
covid19 pune,3580
age limit,3579
2021 vaccine,3577
min age,3576
dose1 capacity,3576
dose2 capacity,3576
dates available,3576
vaccine vaccinepune,3576
vaccinepune cowin,3576
cowin covid19,3576
19 crisis,3426
sacwantscoviduncontrollable dreadfulcovidamidmilitarycoup,3297
sagaing region,3161
