gram,counts
covid 19,109290
begs oxygen,12548
myanmar begs,12406
july28coup whatshappeninginmyanmar,9619
07 2021,7691
oxygen july28coup,7597
19 vaccine,7171
19 cases,5508
whatshappeninginmyanmar july28coup,5216
uses covid,5112
junta uses,5090
covid weapons,5080
whatshappeninginmyanmar myanmarcovidsos,4624
delta variant,4529
2021 vaccine,3560
pin code,3485
age limit,3481
covid19 pune,3481
min age,3480
dose1 capacity,3480
dose2 capacity,3480
dates available,3480
vaccine vaccinepune,3480
vaccinepune cowin,3480
cowin covid19,3480
oxygen whatshappeninginmyanmar,3381
limit 18,2995
29 07,2968
weapons whatshappeninginmyanmar,2946
