gram,counts
covid 19,80301
19 vaccine,6063
19 cases,3338
19 pandemic,2395
19 vaccines,2202
coronavirus covid19,1929
contagios covid19,1877
covid19 coronavirus,1755
19 vaccination,1746
número contagios,1658
encuentros familiares,1638
relacionados encuentros,1608
new cases,1597
covid19 relacionados,1596
positive covid,1584
new covid,1581
medidas bioseguridad,1499
etiqueta día,1464
mayor número,1456
tests positive,1385
covid19 vaccine,1362
fanb gnb,1355
reforcemos medidas,1286
arriesguemos reforcemos,1282
sachin tendulkar,1280
familiares arriesguemos,1272
gnb prevenireslaclave,1271
bioseguridad preservemos,1246
tested positive,1236
