gram,counts
covid 19,118537
19 vaccine,10069
19 pandemic,4550
19 cases,3641
19 vaccines,3409
covid19 vaccine,2576
19 vaccination,2512
coronavirus covid19,2367
covid19 coronavirus,2158
new cases,1945
da covid,1865
new covid,1735
coronavirus pandemic,1673
covid19 pandemic,1633
casos covid,1542
nicolasmaduro cmdtegralgnb,1491
300 mil,1483
positive covid,1481
public health,1433
double mutant,1416
coronavirus vaccine,1382
cmdtegralgnb gnbgdjuvenal,1365
nuevos casos,1359
coronavirus cases,1354
24 horas,1299
da saúde,1268
gnbgdjuvenal lopezvargasr,1238
last year,1207
bill clinton,1183
