gram,counts
covid 19,60972
19 vaccine,3760
19 vaccination,2513
19 cases,2087
2021 06,1859
19 pandemic,1726
19 vaccines,1629
appointments available,1622
covid19 vaccine,1527
available cvs,1509
vaccination appointments,1476
cvs near,1468
sign 2021,1468
covid19 coronavirus,1464
06 13,1416
vaccine doses,1259
new covid,1221
new cases,1179
coronavirus covid19,1138
19 di,1118
06 2021,941
casos covid,932
13 06,886
nuevos casos,864
pa sign,843
last year,806
coronavirus pandemic,779
copa américa,779
get vaccinated,755
