gram,counts
covid 19,138885
19 vaccine,14735
amp johnson,5138
johnson amp,5132
19 pandemic,4346
19 vaccines,3645
covid19 vaccine,3417
coronavirus vaccine,3106
19 cases,3088
covid19 coronavirus,2431
coronavirus covid19,2431
19 vaccination,2373
new covid,2300
coronavirus pandemic,1976
new cases,1921
south africa,1886
66 effective,1872
covid19 pandemic,1715
public health,1647
nuevos casos,1575
vacuna covid,1547
sars cov,1478
vaccine 66,1466
due covid,1455
new york,1455
19 test,1420
get covid,1348
casos covid,1321
coronavirus cases,1257
