gram,counts
covid 19,95821
19 vaccine,6126
ppkmcegahpandemiperkuat penerapan,4247
listyo sigit,3929
sigit prabowo,3928
kapolri jenderal,3851
penyebaran covid,3806
jenderal polisi,3775
polisi listyo,3774
penerapan prokes,3718
seluruh kapolda,3541
19 pandemic,3350
19 vaccination,3325
lebaran ppkmcegahpandemiperkuat,2986
fizik tedavi,2909
mikro guna,2832
mencegah penyebaran,2816
guna mencegah,2745
pasca libur,2715
libur lebaran,2713
ppkm skala,2704
skala mikro,2704
19 pasca,2703
memaksimalkan ppkm,2675
19 vaccines,2634
untuk memaksimalkan,2600
meminta seluruh,2556
kapolda untuk,2551
prabowo meminta,2543
