gram,counts
covid 19,116483
19 vaccine,12372
19 pandemic,5312
covid19 pandemic,4365
19 vaccines,3790
coronavirus pandemic,3167
19 relief,2960
19 vaccination,2892
relief bill,2877
virus covid19,2760
19 cases,2744
pew research,2715
new pew,2703
home covid19,2633
rapidly changing,2574
new environment,2573
for home,2572
covid19 rapidly,2571
changing revolving,2571
revolving new,2571
environment makes,2571
makes innovation,2571
innovation vaccine,2571
vaccine uphill,2571
uphill task,2571
task for,2570
pandemic employees,2570
employees delightfor,2570
johnson amp,2562
