gram,counts
covid 19,92362
19 vaccine,6145
june1coup whatshappeninginmyanmar,4349
19 vaccination,3342
19 pandemic,3118
19 vaccines,2694
covid19 coronavirus,2440
19 cases,2302
people want,2041
people people,2003
want live,1989
kind people,1984
want kind,1982
set break,1982
break laws,1982
laws want,1982
terrorists sac,1981
sac set,1981
live june1coup,1976
2021 06,1869
wear masks,1868
coronavirus covid19,1849
19 regulations,1815
covid19 vaccine,1774
president state,1764
state counsellor,1764
counsellor covid,1761
make women,1761
masks seen,1760
