gram,counts
covid 19,123300
19 vaccine,14867
19 pandemic,4072
19 vaccines,3778
covid19 pandemic,3260
19 cases,3187
covid19 vaccine,2741
19 vaccination,2653
astrazeneca covid,2476
coronavirus covid19,2166
covid19 coronavirus,2051
coronavirus vaccine,1945
24 horas,1891
new cases,1821
new covid,1804
vacuna covid,1700
coronavirus pandemic,1661
19 em,1614
get covid,1557
casos covid,1547
blood clots,1539
astrazeneca vaccine,1522
one year,1475
mortes covid,1439
da covid,1406
nuevos casos,1339
vaksinasi covid,1337
sabemoscomohacerlo gnbypuebloprotegido,1336
coronavirus cases,1259
