gram,counts
covid 19,97896
19 vaccine,8395
fully vaccinated,5011
19 pandemic,4012
19 vaccination,3345
19 vaccines,3212
19 cases,2671
wear mask,2473
covid19 vaccine,2300
wearing mask,2023
vaccinated people,1993
coronavirus covid19,1965
get vaccinated,1955
2021 05,1887
12 15,1877
appointments available,1850
covid19 coronavirus,1844
covid19 pandemic,1681
vaccination appointments,1594
new cases,1568
05 13,1568
cvs near,1550
gon na,1549
available cvs,1490
sign 2021,1489
coronavirus pandemic,1388
vaccinated covid,1353
new covid,1342
may 13,1339
