gram,counts
covid 19,98564
19 vaccine,6477
ยกร องให,4839
ฐมนตร สธ,4834
ลาออก จากความล,4834
จากความล มเหลวในการแก,4834
อน ฐมนตร,4833
สธ ลาออก,4833
องให อน,4832
มเหลวในการแก ญหาการระบาด,4832
ญหาการระบาด covid19,4827
เร ยกร,4826
อสน บสน,4654
กลงช อสน,4649
คล กลงช,4647
covid19 คล,4639
19 cases,3815
19 vaccination,3084
segunda dosis,2888
19 vaccines,2663
adultos mayores,2660
าน changethailand,2475
บสน าน,2457
vacuna covid,2275
coronavirus covid19,2272
2021 04,2238
19 pandemic,2218
dosis vacuna,2206
covid19 vaccine,2146
