gram,counts
covid 19,91553
ยกร องให,9561
องให อน,9557
มเหลวในการแก ญหาการระบาด,9555
ฐมนตร สธ,9554
จากความล มเหลวในการแก,9554
สธ ลาออก,9553
ลาออก จากความล,9553
อน ฐมนตร,9550
ญหาการระบาด covid19,9547
เร ยกร,9546
อสน บสน,9167
กลงช อสน,9159
คล กลงช,9158
covid19 คล,9151
าน changethailand,5747
บสน าน,5664
19 vaccine,4854
19 cases,4473
via changethailand,3433
บสน via,3363
19 vaccination,2761
19 vaccines,2521
19 pandemic,2360
2021 04,2297
coronavirus covid19,1978
appointments available,1942
vaccination appointments,1854
sign 2021,1830
