gram,counts
covid 19,125093
july14coup whatshappeninginmyanmar,20303
whatshappeninginmyanmar july14coup,19983
myanmarneedso2 july14coup,16177
sacwantscoviduncontrollable whatshappeninginmyanmar,13782
myanmarneedso2 whatshappeninginmyanmar,10106
help covid,9126
need help,8845
july14coup myanmarneedso2,8789
07 2021,8503
sacwantscoviduncontrollable myanmarneedso2,7458
myanmarneedso2 sacwantscoviduncontrollable,6482
19 cases,6392
july14coup sacwantscoviduncontrollable,5575
whatshappeninginmyanmar myanmarneedso2,4689
19 vaccine,4684
lawan pandemi,3911
myanmar myanmarneedso2,3746
19 spreading,3637
really need,3634
pin code,3559
spreading myanmar,3553
cowin covid19,3552
age limit,3551
2021 vaccine,3551
covid19 pune,3551
min age,3550
dose1 capacity,3550
dose2 capacity,3550
