gram,counts
covid 19,82668
july2coup whatshappeninginmyanmar,7737
07 2021,6475
19 vaccine,4969
delta variant,4023
2021 vaccine,3437
pin code,3429
age limit,3428
cowin covid19,3427
min age,3425
dose1 capacity,3425
dose2 capacity,3425
dates available,3425
vaccine vaccinepune,3425
vaccinepune cowin,3425
covid19 pune,3425
whatshappeninginmyanmar july2coup,3423
taatppkmdaruratdisiplin perketat,3245
perketat prokes,3175
death toll,3107
ppkm darurat,3071
19 cases,3070
covishield min,3001
whatshappeninginmyanmar dreadfulcovidamidmilitarycoup,2872
19 vaccination,2861
03 07,2841
02 07,2819
19 di,2651
dreadfulcovidamidmilitarycoup july2coup,2590
