gram,counts
covid 19,96499
06 2021,6672
19 vaccine,5755
cowin covid19,3542
pin code,3541
age limit,3540
covid19 pune,3539
min age,3538
dose1 capacity,3538
dose2 capacity,3538
dates available,3538
2021 vaccine,3538
vaccine vaccinepune,3538
vaccinepune cowin,3538
whatshappeninginmyanmar june23coup,3516
19 pandemic,3374
24 06,3238
covishield min,3205
milkteaalliance whatshappeninginmyanmar,3183
delta variant,3143
19 vaccination,3049
delta plus,3024
19 vaccines,2821
19 cases,2639
23 06,2612
optimalkanprogramvaksinasippkm5m kendalikan,2417
penyebaran covid,2293
19 di,2285
covid19 vaccine,2231
