gram,counts
covid 19,78450
19 vaccine,5145
19 cases,3206
19 vaccines,2131
19 pandemic,2001
new cases,1788
coronavirus covid19,1712
coronavirus cases,1626
covid19 coronavirus,1598
propagación covid19,1578
19 vaccination,1566
03 2021,1540
covid19 tarea,1496
tarea todas,1470
etiqueta día,1460
coronavirus pandemic,1355
junta massacre,1323
new covid,1316
virus juego,1240
new york,1223
covid19 vaccine,1201
normas bioseguridad,1176
cumpliendo normas,1130
todas cumpliendo,1121
bioseguridad protegemos,1112
protegemos familia,1099
ناصر محمد,1066
28mar etiqueta,1055
casos covid,1054
