gram,counts
covid 19,113116
19 vaccine,10721
19 cases,4673
19 pandemic,3619
19 vaccines,3267
19 vaccination,3158
coronavirus covid19,2553
covid19 vaccine,2405
covid19 coronavirus,2319
new covid,2159
new cases,1854
covid19 cases,1541
24 horas,1504
casos covid,1473
coronavirus cases,1466
nuevos casos,1455
due covid,1432
april 2021,1403
covid19 pandemic,1333
da covid,1330
public health,1279
coronavirus pandemic,1185
vacuna covid,1160
imansyukri malik_haramain,1152
coronavirus vaccine,1123
last year,1109
positive covid,1107
vacunación covid,1105
adultos mayores,1093
