gram,counts
covid 19,159007
19 vaccine,12344
19 cases,4893
vaksin covid,4801
19 vaccines,4748
19 pandemic,3980
new covid,3458
coronavirus covid19,3448
covid19 coronavirus,3431
positive covid,3224
covid19 vaccine,3184
coronavirus vaccine,3058
coronavirus cases,2985
new cases,2612
boris johnson,2429
lockdown covid19,2353
19 vaccination,2263
coronavirus pandemic,2236
due covid,2213
new coronavirus,2090
casos covid,2040
new york,2037
tested positive,2007
public health,1934
stay home,1861
covid19 pandemic,1854
vaccine rollout,1799
nuevos casos,1783
vacuna covid,1768
