gram,counts
covid 19,120612
19 vaccine,12399
19 relief,5718
relief bill,4867
19 pandemic,4306
19 vaccines,3879
19 cases,2756
covid19 pandemic,2689
19 vaccination,2605
trillion covid,2586
covid19 vaccine,2364
one year,2070
coronavirus covid19,2004
coronavirus pandemic,2000
new cases,1844
covid19 coronavirus,1813
24 horas,1788
coronavirus vaccine,1628
relief package,1598
new covid,1591
vaksinasi covid,1507
johnson amp,1466
joe biden,1465
amp johnson,1456
virus covid19,1441
coronavirus relief,1389
disiplin 5m,1365
19 em,1318
casos covid,1288
