gram,counts
covid 19,84211
19 vaccine,6196
19 cases,3883
alberto fernández,3270
19 pandemic,2593
prevención clave,2196
evitar covid19,2195
clave evitar,2193
etiqueta día,2162
19 vaccination,2140
alerta prevención,2101
coronavirus covid19,2041
dio positivo,1819
new covid,1805
hacerlo cuidémonos,1783
cómo hacerlo,1781
ciencia rusia,1776
avanza pandemia,1772
mundo avanza,1769
positive covid,1766
rusia mundo,1766
positivo covid,1763
pandemia alerta,1755
sabemos cómo,1753
covid19 coronavirus,1733
new cases,1719
covid19 sabemos,1690
19 vaccines,1663
covid19 vaccine,1654
