gram,counts
covid 19,117275
19 vaccine,8964
19 pandemic,4006
19 cases,3836
19 vaccination,3817
ted nugent,3384
covid19 coronavirus,2893
coronavirus covid19,2707
19 vaccines,2302
positive covid,2294
2021 04,2262
appointments available,2166
tests positive,2140
19 situation,2018
covid19 vaccine,1985
vaccination appointments,1921
sign 2021,1802
prime minister,1798
04 20,1776
pa sign,1764
address nation,1734
johnson amp,1721
new cases,1717
amp johnson,1716
new covid,1654
cvs near,1626
tested positive,1622
wear mask,1607
available cvs,1596
