gram,counts
covid 19,95987
06 2021,5874
19 pandemic,5460
19 vaccine,4442
pedomankontijensipolritingkatkan vaksinasi,4182
vaksinasi nasional,3821
june28coup recognizenug,3595
cowin covid19,3342
pin code,3336
age limit,3330
covid19 pune,3330
dates available,3329
2021 vaccine,3329
min age,3328
dose1 capacity,3328
dose2 capacity,3328
vaccine vaccinepune,3328
vaccinepune cowin,3328
third wave,3187
whatshappeninginmyanmar june28coup,3121
19 vaccination,2951
delta variant,2930
29 06,2892
19 cases,2795
amp covid,2791
covishield min,2715
pandemic third,2715
military coup,2714
myanmar whatshappeninginmyanmar,2711
