gram,counts
covid 19,86443
july18coup whatshappeninginmyanmar,16157
whatshappeninginmyanmar july18coup,12917
uses covid,7011
covid weapons,6964
07 2021,6041
military dictatorship,6002
junta uses,5362
july18coup milkteaalliance,4674
19 patients,3626
19 cases,3564
overthrow military,3509
positive covid,3331
mandalay youths,3302
age limit,3170
2021 vaccine,3168
dates available,3167
cowin covid19,3167
pin code,3165
min age,3165
dose1 capacity,3165
dose2 capacity,3165
vaccine vaccinepune,3165
vaccinepune cowin,3165
covid19 pune,3165
july18coup myanmarneedso2,3142
medical treatment,3113
19 epidemic,3060
need help,3032
