gram,counts
covid 19,82648
19 vaccine,5637
imran khan,3680
19 cases,3124
prime minister,2543
19 vaccines,2507
tested positive,2498
19 pandemic,2353
speedy recovery,2344
positive covid,2280
coronavirus covid19,2045
covid19 coronavirus,1866
new cases,1674
tests positive,1667
pm imran,1617
due covid,1591
new covid,1524
well soon,1485
covid19 vaccine,1469
get well,1450
da covid,1439
coronavirus pandemic,1391
19 vaccination,1388
عمران خان,1289
coronavirus cases,1272
nuevas variantes,1219
may allah,1202
casos covid,1199
variantes brasileñas,1195
