gram,counts
covid 19,81476
19 vaccine,5044
19 vaccination,2873
whatshappeninginmyanmar june17coup,2786
19 cases,2709
19 pandemic,2586
june17coup milkteaalliance,2330
19 vaccines,2258
kasus covid,2250
penyebaran covid,2191
vaksinasi1juta1haripolri perketat,2151
06 2021,2098
covid19 vaccine,1878
vaksinasi covid,1852
2021 06,1781
perketat ppkm5m,1722
protokol kesehatan,1704
delta variant,1495
appointments available,1483
17 06,1480
new covid,1449
new cases,1423
available cvs,1399
vaccination appointments,1395
cvs near,1378
19 di,1352
sign 2021,1328
mencegah penyebaran,1313
06 17,1274
