gram,counts
covid 19,120243
19 vaccine,8194
19 cases,4916
19 vaccination,3968
19 pandemic,3781
19 vaccines,3512
pulang kampung,3034
get well,2865
well soon,2585
coronavirus covid19,2380
covid19 coronavirus,2337
new covid,2300
new cases,2255
covid19 vaccine,2197
2021 04,2181
appointments available,2082
ऑक जन,2011
coronavirus cases,2011
covid19 pandemic,1883
vaccination appointments,1806
hate crimes,1793
04 22,1746
covid19 cases,1727
sign 2021,1712
lindungikeluargatercintatunda pulang,1711
due covid,1660
pa sign,1644
19 patients,1623
limengyan covid19,1587
