gram,counts
covid 19,115659
19 vaccine,12419
19 vaccines,4472
19 pandemic,4071
covid19 pandemic,2886
19 cases,2834
covid19 vaccine,2543
19 relief,2498
19 vaccination,2483
โคว ด19,2169
relief bill,2067
coronavirus covid19,1963
new covid,1936
ไม ได,1917
เป าต,1911
าต เราชนะ,1911
เราชนะ แจกฟร,1911
แจกฟร ไม,1911
ได ไง,1911
ไง covid19,1911
covid19 ออฟก,1911
ออฟก เนเน,1905
งเง เป,1870
ด19 งเง,1866
เนเน sadmovie,1866
นได กท,1864
เล นได,1862
นส เล,1860
pacquiaoonepunchko โคว,1852
