gram,counts
covid 19,115404
july16coup whatshappeninginmyanmar,22569
myanmarcovidsos july16coup,19158
whatshappeninginmyanmar july16coup,11170
07 2021,7535
july16coup myanmarcovidsos,7003
myanmarcovidsos whatshappeninginmyanmar,5218
19 vaccine,4712
19 cases,4608
fight covid,4193
sacwantscoviduncontrollable myanmarcovidsos,4127
also help,3930
every contribution,3925
contribution counts,3924
counts find,3921
organisations fight,3918
find also,3911
help organisations,3909
19 india,3865
whatshappeninginmyanmar myanmarcovidsos,3836
age limit,3835
pin code,3828
2021 vaccine,3826
cowin covid19,3826
min age,3824
dose1 capacity,3824
dose2 capacity,3824
dates available,3824
vaccine vaccinepune,3824
