gram,counts
covid 19,117153
19 vaccine,13609
johnson amp,4777
amp johnson,4750
19 vaccines,4217
19 pandemic,4035
covid19 vaccine,2865
19 cases,2796
19 vaccination,2510
coronavirus vaccine,2201
coronavirus covid19,2111
covid19 coronavirus,2063
covid19 pandemic,1911
new covid,1841
new cases,1830
coronavirus pandemic,1774
vacunas covid,1688
safe effective,1453
new coronavirus,1441
vaksinasi covid,1422
500 000,1406
vacuna covid,1348
new york,1312
vacunación covid,1309
nuevos casos,1232
public health,1201
vaksin covid,1195
covid19 vaccines,1189
single shot,1189
