gram,counts
covid 19,112177
aug5coup whatshappeninginmyanmar,10859
legalization nug,9080
get well,8987
well soon,8255
08 2021,7560
19 vaccine,6990
nug aug5coup,6420
19 cases,5700
uses covid,5602
junta uses,5574
covid weapons,5573
sacwantscoviduncontrollable myanmarcovidsos,4294
weapons sacwantscoviduncontrollable,4265
delta variant,4098
whatshappeninginmyanmar aug5coup,4005
new cases,3464
pin code,3163
2021 vaccine,3153
cowin covid19,3148
age limit,3146
dates available,3146
min age,3145
dose1 capacity,3145
dose2 capacity,3145
vaccine vaccinepune,3145
vaccinepune cowin,3145
covid19 pune,3145
get vaccinated,2924
