gram,counts
covid 19,86477
july31coup whatshappeninginmyanmar,13998
supportpdfformyanmar july31coup,11022
whatshappeninginmyanmar july31coup,8035
08 2021,5368
19 cases,4882
delta variant,4373
supportpdfformyanmar whatshappeninginmyanmar,4215
19 vaccine,3760
pin code,3291
2021 vaccine,3287
age limit,3286
cowin covid19,3285
min age,3284
dose1 capacity,3284
dose2 capacity,3284
dates available,3284
vaccine vaccinepune,3284
vaccinepune cowin,3284
covid19 pune,3284
uses covid,3211
covid weapons,3198
19 pandemic,3147
covishield min,3054
limit 18,2827
18 dose1,2696
31 07,2648
07 2021,2406
new covid,2100
