gram,counts
covid 19,124189
19 vaccine,10236
bersama sukseskan,4471
19 pandemic,3983
sukseskan ppkm,3936
19 vaccines,3632
terapkan prokes,3618
prokes dan,3121
ppkm tetapdirumahsaja,3013
tetap terapkan,2798
19 cases,2556
positif covid,2439
coronavirus covid19,2376
saat ini,2358
dan bersama,2336
covid19 vaccine,2307
19 hingga,2281
virus corona,2280
dengan tetap,2274
hingga saat,2247
masih terus,2227
terus meningkat,2223
ini masih,2222
cegah dan,2169
corona dengan,2168
dan perangi,2167
perangi virus,2166
mari cegah,2161
meningkat mari,2160
