gram,counts
covid 19,111131
july19coup whatshappeninginmyanmar,15225
martyrs day,13567
myanmar martyrs,12747
day honorthefallenheroes,11995
honorthefallenheroes july19coup,11033
whatshappeninginmyanmar july19coup,8166
uses covid,6608
junta uses,6559
07 2021,6208
19 vaccine,5323
19 cases,4694
covid weapons,4337
dreadfulcovidamidmilitarycoup sacwantscoviduncontrollable,4195
positive covid,3616
myanmarneedso2 sacwantscoviduncontrollable,3427
delta variant,3405
people myanmar,3270
age limit,3219
2021 vaccine,3217
cowin covid19,3214
pin code,3213
min age,3212
dose1 capacity,3212
dose2 capacity,3212
dates available,3212
vaccine vaccinepune,3212
vaccinepune cowin,3212
covid19 pune,3212
