gram,counts
covid 19,547963
need help,474361
help covid,470409
19 myanmarneedso2,295712
july11coup whatshappeninginmyanmar,289489
myanmarneedso2 july11coup,286342
whatshappeninginmyanmar july11coup,133766
19 whatshappeninginmyanmar,113691
july11coup myanmarneedso2,109822
we need,106433
military dictatorship,77452
myanmarneedso2 whatshappeninginmyanmar,64257
whatshappeninginmyanmar myanmarneedso2,38325
july 11,26691
19 july11coup,25538
protest military,23862
pro democracy,19529
people die,19074
junta never,19042
strike military,18982
please help,18796
help us,18762
rapporteurun antonioguterres,18490
uninmyanmar usembassyburma,18489
asean rapporteurun,18474
usembassyburma asean,18474
providing oxygen,18452
oxygen junta,18442
wants people,18429
