gram,counts
covid 19,117170
19 vaccine,13444
19 pandemic,3954
19 vaccines,3521
19 cases,3482
astrazeneca covid,2801
covid19 vaccine,2478
19 vaccination,2467
coronavirus vaccine,2315
coronavirus covid19,1999
covid19 coronavirus,1913
new covid,1902
new cases,1847
covid19 pandemic,1822
coronavirus pandemic,1744
blood clots,1563
stay positive,1470
astrazeneca vaccine,1469
casos covid,1441
use astrazeneca,1398
19 relief,1376
one year,1369
nuevos casos,1351
15 marzo,1335
da covid,1335
vacuna covid,1288
march 15,1266
coronavirus cases,1220
public health,1201
