gram,counts
covid 19,86867
19 vaccine,6904
liga1patuhiprokeskompetisi jaga,3717
19 vaccination,3436
19 pandemic,3331
jaga 5m,3292
19 vaccines,2816
covid19 vaccine,2503
penyebaran covid,2160
covid19 ile,2118
almak için,2113
teknikeri covid19,2111
görev almak,2110
için altı,2108
altı aydır,2108
sağlık teknikeri,2107
ile mücadelede,2105
mücadelede görev,2105
drfahrettinkoca lutfielvan,2105
binlerce sağlık,2103
19 cases,2076
lutfielvan sağlıksenteknikeresahipçık,2076
aydır bekliyor,2045
2021 06,1849
19 liga1patuhiprokeskompetisi,1792
di rumah,1769
penularan covid,1721
covid19 coronavirus,1668
klaster baru,1577
