gram,counts
covid 19,95912
19 vaccine,6598
19 cases,3389
19 vaccines,2762
vaksin covid,2198
new covid,2178
new cases,2089
19 pandemic,1973
coronavirus cases,1834
coronavirus covid19,1832
covid19 coronavirus,1748
coronavirus vaccine,1692
19 vaccination,1639
casos covid,1589
nuevos casos,1572
covid19 vaccine,1493
new coronavirus,1324
24 horas,1300
positive covid,1298
jawa timur,1289
due covid,1287
prince philip,1282
19 deaths,1252
coronavirus pandemic,1252
protokol kesehatan,1206
tested positive,1103
stay home,1068
19 vaccinations,1013
queen elizabeth,989
