gram,counts
covid 19,122952
19 vaccine,9899
terapkan prokes,4623
19 hingga,4120
19 pandemic,3871
tetap terapkan,3474
19 vaccines,3402
prokes dan,3336
dan ayotaatippkm,3012
19 cases,2784
dengan tetap,2758
saat ini,2715
positif covid,2546
virus corona,2496
hingga saat,2473
covid19 vaccine,2425
ini masih,2353
dan perangi,2350
perangi virus,2350
mari cegah,2349
meningkat mari,2349
corona dengan,2348
cegah dan,2347
terus meningkat,2336
masih terus,2333
kassus positif,2234
angka kassus,2082
skala mikro,2064
covid19 coronavirus,2053
