gram,counts
covid 19,121368
19 vaccine,10553
rterdogan drfahrettinkoca,5212
19 pandemic,4205
drfahrettinkoca covid19dafizyoterapistşart,3687
19 vaccines,3405
19 cases,2738
19 relief,2627
coronavirus covid19,2562
covid19 vaccine,2558
19 vaccination,2554
coronavirus pandemic,2120
tam anlamıyla,2037
new cases,2030
covid19 coronavirus,2028
new covid,1968
coronavirus vaccine,1901
enfeksiyonu geçirmiş,1767
19 enfeksiyonu,1766
coronavirus cases,1713
covid19 pandemic,1641
god sake,1640
geçirmiş hastaların,1627
solunum fiziksel,1624
kalp solunum,1623
fiziksel fonksiyonlarını,1623
fonksiyonlarını tam,1623
geri kazanmaları,1623
kazanmaları için,1623
