gram,counts
covid 19,101323
pencegahandengan3twaspada arus,8192
arus balik,8095
penyebaran covid,8072
19 vaccine,6375
idul fitri,3785
19 vaccination,3526
19 pandemic,3421
pro inferno,3279
05 2021,3073
protokol kesehatan,2926
19 cases,2792
covid19 coronavirus,2705
19 vaccines,2685
vaccine appointment,2481
covidindia vaccination,2359
age 18,2351
covid19 covid19vaccine,2338
fee free,2286
appointment available,2281
2021 fee,2267
covid19vaccine covidindia,2267
vaccination cowinnotifier,2267
available age,2226
19 pasca,2220
2021 05,2113
ppkm mikro,2107
testing tracing,2067
pasca idul,2067
