gram,counts
covid 19,145338
19 vaccine,13123
19 pandemic,4041
19 vaccines,3465
boris johnson,3452
19 cases,3193
covid19 vaccine,3187
positive covid,3165
covid19 coronavirus,2764
coronavirus covid19,2759
coronavirus vaccine,2560
19 vaccination,2525
new covid,2518
coronavirus pandemic,2478
joe biden,2234
tested positive,2125
get covid,2096
19 virus,2058
new cases,2047
covid19 pandemic,1867
bill gates,1813
real madrid,1751
vacuna covid,1691
casos covid,1658
one isolated,1625
nuevos casos,1596
tests positive,1585
zinedine zidane,1555
vacunas covid,1520
