gram,counts
covid 19,115308
19 vaccine,10913
19 pandemic,4934
19 vaccines,3853
19 cases,2652
covid19 vaccine,2350
19 vaccination,2302
new york,2295
19 relief,2189
coronavirus covid19,2062
new covid,1979
covid19 coronavirus,1938
covid19 pandemic,1876
coronavirus pandemic,1816
new cases,1807
new coronavirus,1801
coronavirus vaccine,1749
vaksinasi covid,1592
vacunas covid,1530
vacuna covid,1427
coronavirus variant,1385
vacunación covid,1341
public health,1323
nuevos casos,1243
coronavirus cases,1205
minimum wage,1204
vaksin covid,1197
johnson amp,1181
amp johnson,1174
