gram,counts
covid 19,85984
19 vaccine,6181
whatshappeninginmyanmar june11coup,3345
19 vaccination,3276
19 pandemic,3231
june11coup whatshappeninginmyanmar,3135
quarantine center,3027
hits country,3000
19 hits,2988
19 vaccines,2706
19 cases,2375
medical facilities,2251
covid19 vaccine,2249
full medical,2237
preparing quarantine,2236
centers full,2233
myanmar military,2231
picture covid,2219
forcibly shutdown,2219
military gov,2214
gov preparing,2213
center picture,2212
facilities civillian,2209
country reportedly,2207
civillian gov,2206
shutdown previous,2204
previous centers,2202
reportedly forcibly,2200
gov june11coup,2188
