gram,counts
covid 19,84372
19 vaccine,7098
19 cases,3779
19 vaccination,2492
19 pandemic,2100
19 vaccines,2024
coronavirus covid19,1970
medidas bioseguridad,1754
variantes brasileñas,1744
new cases,1678
etiqueta día,1528
covid19 coronavirus,1494
cómo hacerlo,1483
covid19 vaccine,1469
2021 04,1452
hacerlo cuidémonos,1450
brasileñas covid19,1449
sabemos cómo,1446
lucha diario,1443
venezuela lucha,1437
covid19 debemos,1380
debemos respetar,1376
new covid,1374
pueblo venezuela,1367
diario variantes,1366
respetar medidas,1313
10abr etiqueta,1283
casos covid,1220
bioseguridad descuides,1219
