gram,counts
covid 19,117451
19 vaccine,14391
19 vaccines,3992
19 pandemic,3648
19 vaccination,3507
covid19 vaccine,3114
johnson amp,3103
amp johnson,3098
19 cases,2977
coronavirus vaccine,2737
covid19 pandemic,2191
first dose,2131
coronavirus covid19,2080
new cases,1910
covid19 coronavirus,1867
coronavirus pandemic,1862
new covid,1739
dose covid,1555
19 relief,1456
vacunas covid,1408
coronavirus cases,1323
public health,1320
da covid,1287
nuevos casos,1273
casos covid,1268
white house,1253
one year,1162
due covid,1110
march 2021,1096
