gram,counts
covid 19,76699
19 vaccine,6334
19 cases,3016
pemulihan ekonomi,2520
new zealand,2327
19 pandemic,2264
ekonomi indonesia,2231
new cases,1712
tni polri,1708
covid19 coronavirus,1653
new covid,1623
19 vaccines,1574
coronavirus covid19,1531
coronavirus pandemic,1452
coronavirus cases,1430
valentine day,1375
covid19 vaccine,1314
19 dan,1304
penanggulangan paripurna,1275
paripurna covid,1238
casos positivos,1209
tahun 2021,1206
dan pemulihan,1171
coronavirus vaccine,1143
united states,1125
protokol kesehatan,1101
nuevos casos,1055
positivos covid,1028
vaccine appointments,1000
