gram,counts
covid 19,122334
pemulihan ekonomi,16067
dan pemulihan,13557
ekonomi indonesia,12810
19 dan,12401
paripurna covid,10366
penanggulangan paripurna,9825
19 vaccine,9563
tni polri,9506
indonesia rapimtnipolri2021,6739
tahun 2021,5383
polri yang,5192
yang presisi,4986
transformasi polri,4979
indonesia maju,4810
mendukung penanggulangan,4455
strategi polri,4338
negeri guna,4306
dan strategi,4215
guna mendukung,4207
tantangan keamanan,4130
polri transformasi,4047
soliditas tni,3777
19 pandemic,3743
kebijakan dan,3725
persatuan dan,3565
menuju indonesia,3564
kesatuan bangsa,3554
menjaga persatuan,3545
