gram,counts
covid 19,64844
06 2021,5592
cowin covid19,3130
pin code,3128
2021 vaccine,3128
covid19 pune,3128
min age,3127
age limit,3127
dose1 capacity,3127
dose2 capacity,3127
dates available,3127
vaccine vaccinepune,3127
vaccinepune cowin,3127
28 06,3096
19 vaccine,2834
covishield min,2719
19 cases,2346
19 vaccination,2344
available 28,2291
delta variant,2026
18 dose1,1968
2021 06,1922
45 18,1760
limit 45,1707
appointments available,1621
available cvs,1552
19 pandemic,1534
vaccination appointments,1498
27 06,1487
