gram,counts
covid 19,85942
06 2021,6554
june25coup whatshappeninginmyanmar,5146
whatshappeninginmyanmar june25coup,4929
19 vaccine,4196
pin code,3498
cowin covid19,3492
age limit,3491
2021 vaccine,3489
covid19 pune,3489
min age,3488
dose1 capacity,3488
dose2 capacity,3488
dates available,3488
vaccine vaccinepune,3488
vaccinepune cowin,3488
covishield min,3110
26 06,3071
19 vaccination,2947
delta variant,2897
19 cases,2849
19 pandemic,2606
25 06,2475
whatshappeninginmyanmar milkteaalliance,2306
falam chin,2282
chin state,2197
day lockdown,2191
8th day,2166
3rd day,2165
