gram,counts
covid 19,113065
19 vaccine,12266
19 pandemic,4431
19 vaccines,3310
one year,2922
19 cases,2732
covid19 vaccine,2620
19 vaccination,2457
covid19 pandemic,2298
coronavirus covid19,2101
coronavirus pandemic,2021
covid19 coronavirus,1949
coronavirus vaccine,1945
new cases,1846
joe biden,1807
19 relief,1704
year ago,1681
new covid,1600
johnson amp,1553
positive covid,1544
amp johnson,1496
vacuna covid,1488
public health,1396
astrazeneca covid,1381
president biden,1301
casos covid,1276
last year,1249
da covid,1229
vacunas covid,1206
