gram,counts
covid 19,99514
polriupayakanpemulihanpercepatan target,7854
target vaksinasi,6979
19 vaccine,5332
19 pandemic,3799
kasus covid,3488
19 vaccination,3255
19 cases,2745
lonjakan kasus,2431
protokol kesehatan,2422
19 polriupayakanpemulihanpercepatan,2266
kabupaten kudus,2120
herd immunity,2045
19 seperti,2040
di kabupaten,2027
19 vaccines,2023
kekebalan kelompok,1884
akibat covid,1884
06 2021,1884
jumlah kasus,1874
kelompok herd,1870
covid19 vaccine,1866
kematian akibat,1858
vaksinasi adalah,1848
kasus kematian,1847
07 06,1846
menurunkan jumlah,1839
adalah menurunkan,1835
mendorong terbentuknya,1835
