gram,counts
covid 19,114009
19 vaccine,9710
19 cases,4370
19 pandemic,3312
19 vaccination,2996
19 vaccines,2657
covid19 vaccine,2524
coronavirus covid19,2243
new cases,2039
new covid,1867
vacuna covid,1865
covid19 coronavirus,1858
vacunas covid,1767
medidas bioseguridad,1719
variantes brasileñas,1631
da covid,1624
public health,1624
brasileñas covid,1602
april 2021,1590
trump officials,1590
19 peligrosas,1584
two weeks,1568
protege familia,1554
peligrosas protege,1548
casos covid,1510
covid19 cases,1501
coronavirus pandemic,1477
garantía vida,1475
cdc reports,1474
