gram,counts
covid 19,97546
whatshappeninginmyanmar june24coup,11934
06 2021,7270
auspicerefugees whatshappeninginmyanmar,6840
19 cases,5375
june 24,5021
19 vaccine,4605
24 despite,4149
june24coup whatshappeninginmyanmar,3735
pin code,3580
cowin covid19,3575
covid19 pune,3575
age limit,3574
2021 vaccine,3573
min age,3572
dose1 capacity,3572
dose2 capacity,3572
dates available,3572
vaccine vaccinepune,3572
vaccinepune cowin,3572
19 vaccination,3557
auspicerefugees june24coup,3512
25 06,3436
covishield min,3176
19 pandemic,2955
civilians lives,2791
brutalities covid,2791
besides coup,2790
coup brutalities,2790
