gram,counts
covid 19,84463
07 2021,5478
legalize nug,3996
19 vaccine,3882
whatshappeninginmyanmar july5coup,3638
2021 07,3523
19 di,3047
ppkmdantetapvaksinasisosialisasi edukasi,2950
cowin covid19,2931
pin code,2920
age limit,2920
2021 vaccine,2918
covid19 pune,2918
min age,2917
dose1 capacity,2917
dose2 capacity,2917
dates available,2917
vaccine vaccinepune,2917
vaccinepune cowin,2917
19 vaccination,2806
19 cases,2773
july5coup whatshappeninginmyanmar,2733
edukasi masyarakat,2571
delta variant,2557
covishield min,2517
05 07,2418
06 07,2341
limit 18,2121
19 pandemic,2116
