gram,counts
covid 19,90401
19 vaccine,6335
fully vaccinated,3402
19 vaccination,3346
19 pandemic,3204
19 cases,2770
19 vaccines,2331
05 2021,2323
2021 05,2061
covid19 vaccine,2055
appointments available,2008
coronavirus covid19,1958
vaccination appointments,1792
cvs near,1757
covid19 coronavirus,1743
sign 2021,1694
available cvs,1693
covidindia vaccination,1621
fee free,1620
05 14,1533
covid19 pandemic,1419
pa sign,1362
14 05,1358
new cases,1349
new covid,1332
vaccinated people,1332
wear mask,1325
vaccine appointment,1319
coronavirus pandemic,1275
