gram,counts
covid 19,119375
19 vaccine,10753
19 cases,4481
19 vaccination,4270
19 pandemic,3498
johnson amp,3360
amp johnson,3336
19 vaccines,2979
2021 04,2742
appointments available,2589
covid19 vaccine,2414
coronavirus covid19,2413
vaccination appointments,2396
sign 2021,2308
covid19 coronavirus,2212
available cvs,2182
cvs near,2181
04 23,2149
new cases,2078
19 patients,1974
johnson covid,1952
pa sign,1947
new covid,1871
covid19 pandemic,1818
covid19 cases,1785
ऑक जन,1688
covidemergency2021 covid19,1472
larangan mudik,1447
casos covid,1427
