gram,counts
covid 19,148142
19 vaccine,12601
100 000,6502
19 pandemic,4208
19 vaccines,3600
19 cases,3410
covid19 vaccine,2815
covid19 coronavirus,2726
coronavirus pandemic,2656
coronavirus vaccine,2641
vaksin covid,2457
ministro defensa,2431
carlos holmes,2393
holmes trujillo,2385
new covid,2326
19 vaccination,2125
coronavirus cases,2014
new cases,2000
vacunas covid,1987
coronavirus covid19,1829
boris johnson,1785
casos covid,1783
100 million,1770
death toll,1662
covid19 pandemic,1530
public health,1506
19 deaths,1502
nuevos casos,1481
due covid,1420
