gram,counts
covid 19,89101
19 vaccine,9216
relief bill,5261
19 relief,5070
19 vaccines,4111
covid19 pandemic,3824
trillion covid,3106
rapidly changing,2957
covid19 rapidly,2954
changing revolving,2954
new environment,2954
employees delightfor,2954
uphill task,2953
task for,2952
virus covid19,2810
senate passes,2809
home covid19,2720
pandemic employees,2686
revolving new,2685
environment makes,2684
makes innovation,2684
innovation vaccine,2684
vaccine uphill,2684
for home,2683
19 cases,2400
19 pandemic,2339
19 vaccination,2008
coronavirus relief,1835
coronavirus covid19,1819
