gram,counts
covid 19,98270
19 vaccine,5378
06 2021,3964
19 vaccination,3361
19 pandemic,3337
june21coup whatshappeninginmyanmar,2967
penguatanppkmmikrorangkaian hari,2632
penyebaran covid,2629
hari bhayangkara,2599
hutpolridukungpemulihanpercepatan atasi,2586
19 cases,2524
control covid,2482
people know,2462
19 vaccines,2440
19 sure,2416
know control,2415
need urgent,2414
idea saving,2413
saving people,2413
sure want,2413
terrorists idea,2412
crimesagainsthumanity everyday,2412
military terrorists,2411
everyday need,2411
aids un_hrc,2411
urgent humantarian,2410
humantarian aids,2410
un_hrc schranerburgen1,2405
schranerburgen1 whatshappeninginmyanmar,2405
