gram,counts
covid 19,97541
19 vaccine,6479
19 vaccination,3600
19 pandemic,3415
june9coup whatshappeninginmyanmar,3166
liga1patuhiprokeskompetisi jaga,3054
penyebaran covid,3042
asean june9coup,2800
jaga 5m,2753
day day,2729
19 getting,2728
getting worse,2707
19 save,2704
worse day,2698
day coup,2695
cruel covid,2693
coup cruel,2692
save myanmaruseless,2683
myanmaruseless asean,2683
penularan covid,2621
di rumah,2572
19 vaccines,2534
19 cases,2170
covid19 vaccine,2116
500 million,1956
klaster baru,1950
liga1taatprokeskompetisi masa,1856
2021 06,1842
new cases,1710
