gram,counts
covid 19,126561
19 vaccine,10386
19 cases,4756
19 pandemic,3364
coronavirus covid19,3054
new covid,2785
19 vaccines,2639
new cases,2571
covid19 vaccine,2510
covid19 coronavirus,2369
coronavirus vaccine,2296
coronavirus cases,2181
casos covid,2126
19 vaccination,1807
positive covid,1754
nuevos casos,1739
coronavirus pandemic,1726
19 deaths,1627
da covid,1543
nueva cepa,1524
due covid,1522
200 mil,1505
covid19 pandemic,1434
new coronavirus,1421
vacuna covid,1377
24 horas,1373
public health,1364
tested positive,1346
stay safe,1341
