gram,counts
covid 19,109812
19 vaccine,9602
19 pandemic,4824
19 vaccines,3645
fully vaccinated,3484
19 cases,3090
covid19 pandemic,2918
women day,2424
19 vaccination,2192
international women,2038
vaccinated people,2037
coronavirus covid19,1975
equal future,1974
covid19 vaccine,1959
new covid,1933
new cases,1927
19 relief,1906
coronavirus pandemic,1677
women leadership,1669
19 world,1591
covid19 coronavirus,1547
vaksinasi covid,1546
relief bill,1474
achieving equal,1450
future covid,1430
leadership achieving,1332
positive covid,1311
virus covid19,1303
nuevos casos,1279
