gram,counts
covid 19,94417
uses covid,42959
junta uses,40746
covid weapons,40489
july17coup whatshappeninginmyanmar,31924
weapons july17coup,24831
weapons whatshappeninginmyanmar,10801
whatshappeninginmyanmar july17coup,8529
07 2021,6223
death toll,6121
whatshappeninginmyanmar myanmarneedso2,5862
19 cases,4022
myanmarneedso2 dreadfulcovidamidmilitarycoup,4022
19 patients,3806
positive covid,3678
patients junta,3498
myanmarcovidsos july17coup,3395
age limit,3248
pin code,3244
2021 vaccine,3244
cowin covid19,3241
min age,3240
dose1 capacity,3240
dose2 capacity,3240
dates available,3240
vaccine vaccinepune,3240
vaccinepune cowin,3240
covid19 pune,3240
high death,3223
