gram,counts
covid 19,110401
08 2021,8148
aug3coup whatshappeninginmyanmar,5805
19 vaccine,5706
19 cases,5271
ourgovernmentnug aug3coup,5087
delta variant,4378
uses covid,3568
junta uses,3544
whatshappeninginmyanmar aug3coup,3404
covid weapons,3382
2021 vaccine,3299
cowin covid19,3297
pin code,3296
covid19 pune,3296
min age,3295
age limit,3295
dose1 capacity,3295
dose2 capacity,3295
dates available,3295
vaccine vaccinepune,3295
vaccinepune cowin,3295
limit 18,2964
third wave,2931
19 pandemic,2928
wave covid,2911
get vaccinated,2838
04 08,2818
covishield min,2782
