gram,counts
covid 19,65592
19 vaccine,3777
06 2021,2981
19 vaccination,2651
500 mil,2551
june19coup whatshappeninginmyanmar,2466
safe people,2354
hopefully safe,2342
people june19coup,2338
2021 06,2152
19 cases,1821
delta variant,1820
19 pandemic,1649
appointments available,1591
available cvs,1526
vaccination appointments,1516
cvs near,1510
sign 2021,1462
06 19,1429
500 000,1429
19 vaccines,1427
covid19 vaccine,1379
19 06,1263
coronavirus covid19,1261
covid19 coronavirus,1257
19 di,1232
new cases,1154
new covid,1138
third wave,1110
