gram,counts
covid 19,90848
06 2021,5998
19 vaccine,5790
lawan covid19,4281
19 vaccination,3471
19 pandemic,3174
age limit,3109
pin code,3107
cowin covid19,3107
covid19 pune,3107
2021 vaccine,3106
min age,3102
dose1 capacity,3102
dose2 capacity,3102
dates available,3102
vaccine vaccinepune,3102
vaccinepune cowin,3102
delta variant,2920
covishield min,2766
23 06,2744
22 06,2637
bersatu lawan,2454
penguatanppkmmikrorangkaian hari,2404
19 vaccines,2369
hari bhayangkara,2294
19 cases,2257
covid19 vaccine,2150
penyebaran covid,2119
limit 18,2079
