gram,counts
covid 19,124566
19 vaccine,11383
19 pandemic,4445
19 vaccines,3685
19 cases,3313
19 vaccination,2787
covid19 vaccine,2783
adultos mayores,2459
coronavirus covid19,2304
gnbypueblounido fanbendefensadeladignidad,2290
nicolasmaduro cmdtegralgnb,2257
one year,2237
covid19 coronavirus,2138
cmdtegralgnb gnbgdjuvenal,1948
vacunación covid,1941
new cases,1850
coronavirus pandemic,1846
vacuna covid,1826
24 horas,1749
23mar fanb,1735
casos covid,1730
da covid,1719
fanbendefensadeladignidad nicolasmaduro,1706
19 em,1703
vacunas covid,1656
new covid,1640
da porra,1598
frescura da,1593
19 frescura,1583
