gram,counts
covid 19,141952
19 vaccine,10243
19 cases,3752
19 pandemic,3674
19 vaccines,3563
covid19 coronavirus,2854
coronavirus covid19,2702
new covid,2589
covid19 vaccine,2588
19 vaccination,2581
coronavirus pandemic,2331
new cases,2272
400 000,2242
vacinação covid,2169
coronavirus vaccine,2025
casos covid,1773
coronavirus cases,1751
travel restrictions,1696
nuevos casos,1693
due covid,1635
covid19 pandemic,1609
new coronavirus,1582
coronavirus deaths,1574
da covid,1533
vacina covid,1516
vacunas covid,1494
vacuna covid,1427
vaksin covid,1416
pandemia covid19,1404
