gram,counts
covid 19,111624
aug6coup whatshappeninginmyanmar,10912
support nug,8534
08 2021,8234
19 vaccine,6659
nug aug6coup,6592
19 cases,5672
delta variant,4101
2021 vaccine,3693
pin code,3689
age limit,3686
dates available,3686
min age,3685
dose1 capacity,3685
dose2 capacity,3685
vaccine vaccinepune,3685
vaccinepune cowin,3685
cowin covid19,3685
covid19 pune,3685
limit 18,3304
18 dose1,3211
07 08,3167
19 crisis,2985
19 vaccines,2971
uses covid,2939
junta uses,2928
covid weapons,2923
weapons myanmarcovidsos,2844
covishield min,2823
