gram,counts
covid 19,85632
19 vaccine,6735
19 cases,4119
19 vaccination,2610
19 vaccines,2490
coronavirus covid19,2024
19 pandemic,1927
covid19 coronavirus,1877
new cases,1804
new covid,1798
sign petition,1714
19 patients,1677
petition via,1654
mauro viale,1336
via ukchange,1327
covid19 vaccine,1322
coronavirus cases,1316
due covid,1312
orders covid,1290
2021 04,1287
resuscitate orders,1280
patients learning,1276
reversal resuscitate,1267
hancock mp,1261
mp reversal,1258
matthew hancock,1256
24 horas,1242
vacunas covid,1206
covid19 cases,1203
