gram,counts
covid 19,141943
19 vaccine,12623
19 pandemic,4251
19 vaccines,3622
19 cases,3145
coronavirus pandemic,2832
19 vaccination,2625
covid19 vaccine,2605
new covid,2540
covid19 coronavirus,2512
south africa,2393
new cases,2099
coronavirus covid19,1983
lópez obrador,1932
positive covid,1870
coronavirus vaccine,1835
positivo covid,1799
covid_19 covid19,1706
covid19 pandemic,1607
public health,1533
joe biden,1517
coronavirus cases,1459
nuevos casos,1445
casos covid,1425
new coronavirus,1383
19 di,1353
vacuna covid,1335
at home,1334
due covid,1320
