gram,counts
covid 19,122795
19 vaccine,9160
penyintas covid,5563
covid berbagi,5256
plasma konvalesen,4214
19 pandemic,3960
pasien covid,3946
19 cases,3148
19 vaccines,3013
donor plasma,2957
south africa,2490
aksi penyintas,2438
ron wright,2373
covid19 vaccine,2253
coronavirus covid19,2192
19 vaccination,2021
melalui donor,2009
new cases,2007
coronavirus pandemic,1973
darah plasma,1957
polri gencarkan,1935
new covid,1922
donor darah,1921
coronavirus vaccine,1909
19 melalui,1890
covid19 coronavirus,1885
konvalesen polridonorplasma,1844
untuk membantu,1792
membantu pasien,1724
