gram,counts
covid 19,120736
19 vaccine,11617
19 pandemic,4152
19 cases,3207
19 vaccines,3180
19 vaccination,2520
covid19 vaccine,2400
coronavirus covid19,2375
covid19 coronavirus,2064
covid19 pandemic,1842
coronavirus vaccine,1795
coronavirus pandemic,1773
new cases,1734
new covid,1729
casos covid,1560
24 horas,1473
coronavirus cases,1439
da covid,1389
vacunación covid,1385
get covid,1306
public health,1271
nuevos casos,1267
one year,1259
vacuna covid,1255
astrazeneca covid,1201
march 17,1175
last year,1154
17 marzo,1108
due covid,1089
