gram,counts
covid 19,119804
aug4coup whatshappeninginmyanmar,13700
legalization nug,10114
nug aug4coup,9324
08 2021,8498
19 vaccine,7182
19 cases,6218
delta variant,5402
uses covid,3974
covid weapons,3963
junta uses,3950
whatshappeninginmyanmar myanmarcovidsos,3475
2021 vaccine,3400
pin code,3396
age limit,3395
cowin covid19,3394
covid19 pune,3393
min age,3392
dose1 capacity,3392
dose2 capacity,3392
dates available,3392
vaccine vaccinepune,3392
vaccinepune cowin,3392
whatshappeninginmyanmar aug4coup,3101
get vaccinated,2997
limit 18,2956
18 dose1,2866
covishield min,2811
05 08,2795
