gram,counts
covid 19,105320
19 vaccine,6980
19 pandemic,4460
19 vaccination,4047
2021 05,3042
covid19 coronavirus,2804
19 cases,2742
19 vaccines,2473
3tcegahpandemilangkah pemeriksaan,2313
covid19 vaccine,2295
pemeriksaan dini,2272
coronavirus covid19,2045
appointments available,1948
man made,1903
vaccination appointments,1866
cvs near,1837
new cases,1788
available cvs,1771
sign 2021,1731
covid19 pandemic,1619
05 27,1589
nuevos casos,1436
new covid,1431
casos covid,1378
19 man,1360
lab leak,1354
pa sign,1320
da covid,1316
27 05,1240
