gram,counts
covid 19,63659
june20coup whatshappeninginmyanmar,7529
19 vaccine,3618
06 2021,3467
19 vaccination,2594
youths mandalay,2486
mandalay june20coup,2460
whatshappeninginmyanmar covid19,2201
21 06,2177
2021 06,1995
19 pandemic,1897
19 cases,1796
pin code,1683
age limit,1679
2021 vaccine,1679
covid19 pune,1677
min age,1676
dose1 capacity,1676
dose2 capacity,1676
dates available,1676
vaccine vaccinepune,1676
vaccinepune cowin,1676
cowin covid19,1676
delta variant,1606
appointments available,1592
available cvs,1579
vaccination appointments,1527
cvs near,1521
sign 2021,1519
