gram,counts
covid 19,120641
july30coup whatshappeninginmyanmar,16110
ourgovernmentnug july30coup,11502
delta variant,7804
19 vaccine,6199
07 2021,5441
19 cases,5398
whatshappeninginmyanmar july30coup,5249
whatshappeninginmyanmar myanmarcovidsos,4509
dreadfulcovidamidmilitarycoup whatshappeninginmyanmar,4112
vaccinated people,3846
uses covid,3797
junta uses,3781
covid weapons,3777
age limit,3500
pin code,3496
2021 vaccine,3496
dates available,3492
covid19 pune,3492
min age,3491
dose1 capacity,3491
dose2 capacity,3491
vaccine vaccinepune,3491
vaccinepune cowin,3491
cowin covid19,3491
19 pandemic,3366
fully vaccinated,3225
31 07,3186
get vaccinated,3153
