gram,counts
covid 19,91487
19 vaccine,6581
19 pandemic,3544
19 vaccination,3185
19 vaccines,2509
19 cases,2487
covid19 vaccine,1960
covid19 coronavirus,1882
coronavirus covid19,1838
2021 05,1818
hate crimes,1698
covid19 pandemic,1534
new cases,1500
appointments available,1470
new covid,1411
vaccination appointments,1388
available cvs,1361
cvs near,1361
sign 2021,1361
casos covid,1314
05 20,1268
05 2021,1246
may 20,1221
19 hate,1192
da covid,1166
20 05,1150
coronavirus pandemic,1136
nuevos casos,1116
pa sign,1113
