gram,counts
covid 19,78049
19 vaccine,6240
19 cases,3153
19 vaccines,2501
19 pandemic,2089
coronavirus covid19,1754
new cases,1641
covid19 coronavirus,1555
new covid,1373
covid19 vaccine,1372
variantes brasileñas,1343
nuevas variantes,1336
coronavirus cases,1335
19 vaccination,1317
casos covid,1307
coronavirus pandemic,1291
brasileñas covid19,1281
etiqueta día,1231
mar 21,1211
da covid,1189
covid19 encienden,1167
encienden alarmas,1160
alarmas mundo,1139
descuidarseescontagiarse gnbypuebloalerta,1138
covid19 cases,1135
nicolasmaduro cmdtegralgnb,1110
nuevos casos,1092
día descuidarseescontagiarse,1017
whatshappeninginmyanmar mar21coup,1011
