gram,counts
covid 19,116240
19 vaccine,10275
03 2021,4860
19 cases,4110
nasser mohammad,3603
19 pandemic,3391
19 vaccines,3309
mohammad al,3289
19 vaccination,3109
coronavirus covid19,2523
al yemeni02,2514
yemeni02 03,2510
imam nasser,2251
2021 ad,2218
vaksinasi covid,2143
covid19 vaccine,2136
new cases,2083
covid19 coronavirus,2029
ayovaksintetap5mbangkit indonesia,1916
indonesia sehat,1898
propagación covid19,1851
new covid,1847
cdc director,1758
24 horas,1671
bioseguridad evita,1653
normas bioseguridad,1618
vaksin covid,1601
cómo hacerlo,1567
sabemos cómo,1553
