gram,counts
covid 19,131101
19 vaccine,11393
19 vaccines,4276
19 pandemic,4136
19 cases,3010
coronavirus covid19,2927
covid19 vaccine,2819
covid19 coronavirus,2781
coronavirus pandemic,2501
19 vaccination,2306
new covid,2116
coronavirus vaccine,2099
new cases,1905
covid19 pandemic,1868
positive covid,1769
nuevos casos,1585
public health,1548
coronavirus cases,1468
vacuna covid,1425
casos covid,1413
19 relief,1367
due covid,1363
vacunas covid,1290
tested positive,1264
sars cov,1223
get covid,1205
covid19 vaccines,1117
24 horas,1100
03 02,1066
