gram,counts
covid 19,102123
19 vaccine,8189
19 pandemic,3716
19 vaccines,3093
19 cases,3090
19 vaccination,2877
covid19 coronavirus,2270
coronavirus covid19,2047
new cases,1814
2021 05,1786
covid19 vaccine,1729
moderna says,1645
new covid,1590
fully vaccinated,1545
says covid,1466
covid19 pandemic,1387
wuhan lab,1347
da covid,1331
12 17,1330
nuevos casos,1255
appointments available,1248
may 25,1216
vaccination appointments,1215
05 25,1200
sign 2021,1177
available cvs,1174
cvs near,1174
casos covid,1154
related covid,1149
