gram,counts
covid 19,85490
july25coup whatshappeninginmyanmar,13753
junta uses,11767
covid weapons,11759
uses covid,10273
icrc_savemyanmarprisoners july25coup,6980
weapons myanmarcovidsos,6769
07 2021,6024
myanmarcovidsos stoparrestingdoctors,5191
stoparrestingdoctors sacwantscoviduncontrollable,5174
oxygen junta,4755
whatshappeninginmyanmar july25coup,4220
19 patients,3851
19 cases,3572
myanmarneedso2 july25coup,3200
2021 vaccine,3188
pin code,3187
age limit,3186
min age,3184
dose1 capacity,3184
dose2 capacity,3184
dates available,3184
vaccine vaccinepune,3184
vaccinepune cowin,3184
cowin covid19,3184
covid19 pune,3184
weapons myanmarneedso2,3145
19 vaccine,3068
26 07,3007
