gram,counts
covid 19,84404
19 vaccine,5587
19 cases,4724
social distancing,3380
spread corona,3116
jennie blackpink,2272
covid19 coronavirus,2211
covid 19jennie,2152
bully jennie,2018
19 pandemic,2017
coronavirus covid19,1953
19 vaccination,1935
19 vaccines,1917
corona spreaderjennie,1903
covid 19jungkook,1758
jungkookcovid jungkookvirus,1601
corona spreaderjungkook,1584
spreaderjungkook bully,1584
covidjungkook corona,1580
bully jungkook,1578
years age,1573
19jungkook uglyjungkook,1566
new cases,1559
uglyjungkook lazy,1558
jungkook spread,1556
lazy jungkook,1555
jungkook social,1553
corona jungkook,1552
limengyan covid19,1551
