gram,counts
covid 19,84618
08 2021,7315
aug1coup whatshappeninginmyanmar,5569
petition nug,5516
sign petition,5434
nug aug1coup,5047
19 cases,4565
whatshappeninginmyanmar aug1coup,3896
19 vaccine,3462
delta variant,3220
age limit,3140
2021 vaccine,3138
pin code,3137
min age,3136
dose1 capacity,3136
dose2 capacity,3136
dates available,3136
vaccine vaccinepune,3136
vaccinepune cowin,3136
cowin covid19,3136
covid19 pune,3136
19 pandemic,2994
kgeorgieva drtedros,2980
drtedros davidmalpasswbg,2980
davidmalpasswbg europarl_en,2980
europarl_en govuk,2980
ugandaisbleeding accountability,2898
accountability kgeorgieva,2898
need accountability,2897
