gram,counts
covid 19,101146
19 vaccine,6711
19 pandemic,4201
19 vaccination,3245
19 cases,2712
2021 05,2487
covid19 coronavirus,2449
19 vaccines,2392
covid19 vaccine,2373
coronavirus covid19,2021
boris johnson,1703
covid19 pandemic,1653
new cases,1625
dominic cummings,1524
new covid,1470
appointments available,1447
vaccination appointments,1397
05 2021,1378
cvs near,1362
wuhan lab,1348
nuevos casos,1338
available cvs,1314
sign 2021,1314
da covid,1290
may 26,1283
casos covid,1278
coronavirus pandemic,1248
05 26,1248
26 05,1243
