gram,counts
covid 19,96610
dreadfulcovidamidmilitarycoup whatshappeninginmyanmar,17131
july6coup dreadfulcovidamidmilitarycoup,16656
whatshappeninginmyanmar july6coup,8512
07 2021,6971
19 vaccine,4535
cowin covid19,3391
age limit,3389
pin code,3385
2021 vaccine,3385
covid19 pune,3385
min age,3384
dose1 capacity,3384
dose2 capacity,3384
dates available,3384
vaccine vaccinepune,3384
vaccinepune cowin,3384
covid19 pandemic,3268
delta variant,3177
whatshappeninginmyanmar dreadfulcovidamidmilitarycoup,3034
2021 07,2878
covishield min,2864
07 07,2863
19 cases,2750
06 07,2742
19 vaccination,2582
18 dose1,2542
19 pandemic,2469
limit 18,2383
