gram,counts
covid 19,106471
08 2021,8171
19 vaccine,6334
whatshappeninginmyanmar aug2coup,5395
19 cases,4566
uses covid,4500
delta variant,4447
junta uses,4280
covid weapons,4089
aug2coup whatshappeninginmyanmar,3889
weapons myanmarcovidsos,3825
recognizenug aug2coup,3746
myanmarcovidsos stoparrestingdoctors,3711
stoparrestingdoctors sacwantscoviduncontrollable,3710
pin code,3264
2021 vaccine,3260
covid19 pune,3257
cowin covid19,3254
min age,3253
age limit,3253
dose1 capacity,3253
dose2 capacity,3253
dates available,3253
vaccine vaccinepune,3253
vaccinepune cowin,3253
get vaccinated,2834
limit 18,2800
positive covid,2794
18 dose1,2762
