gram,counts
covid 19,125500
19 vaccine,9818
19 pandemic,4233
sekatantisipasimudikpemudik putar,4044
19 vaccination,4039
putar balik,3800
19 cases,3717
19 vaccines,3212
19 di,2983
penyebaran covid,2682
2021 04,2670
covid19 coronavirus,2522
coronavirus covid19,2447
kampung halaman,2256
jangan mudik,2247
di kampung,2203
covid19 vaccine,2080
covid19 pandemic,2074
200 000,2008
04 28,1907
new cases,1901
appointments available,1869
india covid,1792
get vaccinated,1776
vaccination appointments,1718
fully vaccinated,1673
sign 2021,1649
available cvs,1602
cvs near,1602
