gram,counts
covid 19,99049
june29coup whatshappeninginmyanmar,10095
dreadfulcovidamidmilitarycoup june29coup,9903
record breaking,7949
19 vaccine,6045
06 2021,5560
myanmar dreadfulcovidamidmilitarycoup,5348
delta variant,4321
whatshappeninginmyanmar june29coup,3845
public health,3770
cowin covid19,3729
age limit,3722
covid19 pune,3722
pin code,3721
min age,3719
dose1 capacity,3719
dose2 capacity,3719
dates available,3719
2021 vaccine,3719
vaccine vaccinepune,3719
vaccinepune cowin,3719
30 06,3405
dreadfulcovidamidmilitarycoup whatshappeninginmyanmar,3346
covishield min,3264
19 vaccination,3189
19 pandemic,3136
health care,3008
19 case,2887
died covid,2826
