gram,counts
covid 19,89976
19 vaccine,5429
19 pandemic,3165
19 cases,3026
19 vaccination,2959
wuhan lab,2421
covid19 coronavirus,2373
2021 05,2044
19 vaccines,1995
coronavirus covid19,1948
05 2021,1581
new covid,1563
new cases,1550
covid19 vaccine,1522
300 000,1406
appointments available,1289
covid19 pandemic,1274
nuevos casos,1219
24 05,1218
vaccination appointments,1192
available cvs,1191
05 24,1172
cvs near,1166
sign 2021,1166
may 24,1114
casos covid,1100
gt gt,1061
coronavirus pandemic,1040
due covid,990
