gram,counts
covid 19,128996
19 vaccine,11794
19 pandemic,5628
19 vaccines,4046
19 cases,2755
covid19 vaccine,2690
19 vaccination,2602
coronavirus pandemic,2345
covid19 coronavirus,2219
coronavirus vaccine,2103
johnson amp,2057
amp johnson,2052
coronavirus covid19,2019
new covid,1957
new cases,1950
covid19 pandemic,1874
positive covid,1552
nuevos casos,1526
coronavirus cases,1459
vacuna covid,1410
public health,1394
vacunas covid,1381
due covid,1346
taking place,1235
19 relief,1224
casos covid,1224
place covid,1174
reportedly eating,1172
eating leaves,1172
