gram,counts
covid 19,122016
19 vaccine,10230
19 cases,5114
19 pandemic,3889
19 vaccines,3527
coronavirus covid19,2791
19 vaccination,2683
covid19 vaccine,2450
covid19 coronavirus,2238
100 000,2169
new cases,2094
covid19 cases,2051
new covid,2028
fully vaccinated,1994
limengyan covid19,1965
get well,1885
covid19 yanlimeng,1714
well soon,1713
郭文贵 班农,1706
bannon drlimengyan1,1701
闫丽梦 郭文贵,1653
puasajagaprokesramadhan tetap,1619
blood clots,1574
johnson amp,1561
drlimengyan1 闫丽梦,1542
amp johnson,1541
班农 limengyan,1521
coronavirus cases,1510
casos covid,1504
