gram,counts
covid 19,108578
19 vaccine,10904
19 pandemic,4055
19 vaccines,3427
covid19 pandemic,3302
19 cases,2709
19 vaccination,2681
covid19 vaccine,2270
coronavirus covid19,2103
coronavirus pandemic,1965
virus covid19,1956
new cases,1904
home covid19,1847
19 relief,1843
rapidly changing,1822
new environment,1820
for home,1819
pandemic employees,1819
covid19 rapidly,1818
changing revolving,1818
revolving new,1818
environment makes,1818
makes innovation,1818
innovation vaccine,1818
vaccine uphill,1818
uphill task,1818
task for,1818
employees delightfor,1818
covid19 coronavirus,1736
