gram,counts
covid 19,141676
19 vaccine,12549
19 pandemic,4967
19 vaccines,3837
19 cases,3499
south africa,3491
nursing home,3071
covid19 vaccine,2962
covid19 coronavirus,2738
coronavirus vaccine,2667
new york,2565
new covid,2495
coronavirus pandemic,2473
coronavirus covid19,2401
19 vaccination,2283
covid19 pandemic,2281
new cases,2185
19 deaths,1979
public health,1869
mental health,1790
coronavirus variant,1739
new coronavirus,1592
nuevos casos,1568
south carolina,1562
nursing homes,1553
vaksin covid,1493
coronavirus cases,1410
sars cov,1366
get covid,1341
