gram,counts
covid 19,130428
19 vaccine,14985
one year,7541
19 pandemic,6129
19 relief,4177
19 vaccines,4064
year ago,4042
covid19 pandemic,3765
relief bill,3405
covid19 vaccine,3029
19 cases,3019
coronavirus pandemic,2826
president biden,2666
joe biden,2616
coronavirus covid19,2418
year since,2390
coronavirus vaccine,2383
19 vaccination,2253
astrazeneca covid,2206
johnson amp,2194
amp johnson,2192
march 11,2189
covid19 coronavirus,2170
ago today,1978
new cases,1916
last year,1748
positive covid,1745
global pandemic,1679
new covid,1636
