gram,counts
covid 19,82629
19 vaccine,7005
19 vaccines,2494
19 cases,2458
coronavirus covid19,2382
19 pandemic,2247
covid19 coronavirus,1691
coronavirus pandemic,1688
new covid,1680
new cases,1642
coronavirus vaccine,1611
covid19 vaccine,1599
super bowl,1383
19 vaccination,1378
coronavirus cases,1285
19 relief,1185
nuevos casos,1175
due covid,1031
get covid,954
casos covid,903
covid19 pandemic,878
vacuna covid,854
li wenliang,851
coronavirus covid,849
sars cov,823
24 horas,819
news update,811
us stay,810
business news,806
