gram,counts
covid 19,143781
19 vaccine,12360
19 cases,5167
19 vaccines,3752
19 pandemic,3573
covid19 vaccine,3124
new covid,2951
coronavirus vaccine,2848
coronavirus covid19,2739
new cases,2644
covid19 coronavirus,2626
vaksin covid,2426
pfizer biontech,2402
casos covid,2360
coronavirus cases,2336
19 vaccination,2290
vaksinasi covid,2195
new coronavirus,1977
coronavirus pandemic,1958
19 deaths,1928
positive covid,1865
major incident,1801
nuevos casos,1781
due covid,1676
public health,1660
24 horas,1606
vacuna covid,1586
stay home,1552
covid19 pandemic,1527
