gram,counts
covid 19,86750
july1coup whatshappeninginmyanmar,14367
07 2021,6687
junta terrorists,5783
19 vaccine,4772
died covid,4116
crimesagainsthumanity july1coup,4015
nld member,3912
family died,3886
terrorists abducted,3882
abducted nld,3852
2021 vaccine,3652
age limit,3567
pin code,3553
cowin covid19,3552
dates available,3551
min age,3550
dose1 capacity,3550
dose2 capacity,3550
vaccine vaccinepune,3550
vaccinepune cowin,3550
covid19 pune,3550
19 pandemic,3515
delta variant,3380
bhayangkara ke,3283
covishield min,3088
hari bhayangkara,3010
ke 75,2965
19 vaccination,2877
