gram,counts
covid 19,122937
19 vaccine,14595
19 pandemic,4200
19 cases,3933
12 15,3496
19 vaccination,3119
sars cov,2967
19 vaccines,2859
says covid,2751
semana santa,2592
pfizer says,2467
covid19 vaccine,2321
medidas bioseguridad,2234
coronavirus covid19,2223
pfizer biontech,2121
new covid,2032
yan report,2024
covid19 coronavirus,2021
100 effective,2004
3rd yan,1990
wuhan laboratory,1961
origin sars,1959
laboratory origin,1953
peer reviews,1952
yan reports,1951
two uninvited,1942
uninvited peer,1942
new cases,1927
reviews link,1920
