gram,counts
covid 19,97532
new year,9704
19 vaccine,9178
19 cases,3607
happy new,3392
coronavirus cases,2875
19 pandemic,2874
coronavirus vaccine,2523
20 million,2349
coronavirus covid19,1969
covid19 coronavirus,1966
coronavirus pandemic,1938
new covid,1889
new coronavirus,1879
19 vaccines,1871
positive covid,1748
new cases,1497
covid19 vaccine,1444
coronavirus covid,1427
new york,1253
health care,1204
due covid,1186
year eve,1171
stay safe,1164
año nuevo,1153
casos covid,1138
pfizer biontech,1131
tested positive,1104
coronavirus variant,1097
