gram,counts
covid 19,77567
19 vaccine,6550
19 cases,2638
19 pandemic,2535
19 vaccines,2142
new cases,1582
lópez gatell,1564
19 vaccination,1534
new covid,1508
coronavirus covid19,1407
coronavirus vaccine,1337
covid19 coronavirus,1335
covid19 vaccine,1242
vacuna covid,1197
hugo lópez,1175
coronavirus pandemic,1143
nuevos casos,1099
covid19 pandemic,1094
positivo covid,1077
coronavirus covid,1013
feb 21,1003
vacunas covid,976
get covid,966
coronavirus cases,918
casos covid,903
da positivo,866
vacunación covid,817
pronta recuperación,805
public health,779
