gram,counts
covid 19,125163
belum berakhir,8672
19 vaccine,8487
urungkanniatmudikpandemi belum,6154
19 cases,4616
19 pandemic,4183
19 vaccination,3660
get well,3491
19 vaccines,3187
well soon,3154
protokol kesehatan,3005
covid19 coronavirus,2885
peniadaan mudik,2850
19 belum,2808
dengan tidak,2731
coronavirus covid19,2716
patuhi protokol,2680
mudik urungkanniatmudikpandemi,2643
kesehatan dan,2628
berakhir sayangi,2612
sayangi orang,2612
orang disekitarmu,2610
patuhilah peniadaan,2604
dan patuhilah,2603
disekitarmu patuhi,2601
ยกร องให,2575
ฐมนตร สธ,2573
สธ ลาออก,2572
ญหาการระบาด covid19,2572
