gram,counts
covid 19,149848
19 vaccine,13182
19 pandemic,4757
joe biden,4156
19 vaccines,4041
coronavirus vaccine,3986
covid19 vaccine,3609
vaccine distribution,3370
19 cases,3156
coronavirus pandemic,2880
covid19 coronavirus,2671
president biden,2631
coronavirus covid19,2630
new covid,2560
new cases,2228
19 vaccination,2172
distribution plan,2080
executive orders,1995
covid19 pandemic,1903
positive covid,1850
vacuna covid,1816
public health,1795
jan 21,1741
due covid,1729
casos covid,1692
nuevos casos,1686
dosis vacuna,1665
inheriting nonexistent,1623
venezuelaunidayenpaz gnbypueblogarantíadepaz,1591
