gram,counts
covid 19,116779
19 vaccine,10560
19 cases,4693
19 pandemic,4059
19 vaccines,4056
covid19 vaccine,2866
19 vaccination,2663
coronavirus covid19,2188
covid19 coronavirus,2148
new covid,2113
new cases,2066
new york,1879
covid19 acude,1859
sospechas covid19,1854
acude médico,1849
medidas bioseguridad,1711
cdc director,1708
coronavirus pandemic,1707
impending doom,1655
método 14,1647
nuevo método,1633
toma cuenta,1629
cuenta nuevo,1601
coronavirus cases,1595
14 virus,1590
03 2021,1578
coronavirus vaccine,1504
casos covid,1503
cumple medidas,1488
