gram,counts
covid 19,115821
19 vaccine,12098
19 cases,3774
19 pandemic,3682
19 vaccines,3099
19 vaccination,2837
covid19 vaccine,2791
coronavirus covid19,2338
krispy kreme,2276
covid19 coronavirus,2075
astrazeneca covid,2011
new cases,2004
new covid,1910
coronavirus vaccine,1731
da covid,1659
casos covid,1640
cuarentena radical,1627
propagación covid19,1599
coronavirus pandemic,1567
79 effective,1560
covid19 pandemic,1536
dos semanas,1419
get covid,1343
medidas bioseguridad,1329
semanas cuarentena,1311
nuevos casos,1310
coronavirus cases,1289
third wave,1275
march 22,1260
