gram,counts
covid 19,79891
19 vaccine,5529
19 vaccination,4716
whatshappeninginmyanmar june14coup,4446
muslim ban,4131
ban covid,2775
housedemocrats whitehouse,2726
19 pandemic,2666
keepingourpromiseact hr3548,2641
dv2020 dv2021,2407
seek support,2375
support dv2017,2374
dv2021 housedemocrats,2352
19 cases,2326
whitehouse supporthr3548,2321
june14coup endsexualviolence,2100
vaccination program,2081
former head,2037
arrested former,2013
head covid,2012
junta arrested,2011
stop arresting,2006
immediately stop,2004
arresting doctors,2004
releasethedetainees immediately,2003
accusations releasethedetainees,2001
delta variant,2000
doctors whatshappeninginmyanmar,2000
falsely accusations,1999
