gram,counts
covid 19,99749
19 vaccine,8682
19 pandemic,3598
19 vaccination,2957
19 cases,2758
19 vaccines,2619
covid19 coronavirus,2380
12 15,2246
covid19 vaccine,2029
2021 05,1969
coronavirus covid19,1876
coronavirus pandemic,1731
hindari kerumunan,1660
covid19 pandemic,1620
19 patients,1500
new covid,1446
new cases,1408
appointments available,1400
may 11,1342
stay safe,1324
kerumunan lebaranpatuhiprokes,1272
vaccination appointments,1268
cvs near,1231
sign 2021,1230
available cvs,1229
05 11,1228
nuevos casos,1206
pfizer biontech,1161
gt gt,1159
