gram,counts
covid 19,131231
19 vaccine,9393
19 cases,4638
19 pandemic,4310
19 vaccination,3767
19 vaccines,3417
covid19 coronavirus,3117
coronavirus covid19,2926
2021 04,2816
belum berakhir,2636
joe rogan,2520
fully vaccinated,2396
covid19 vaccines,2341
covid19 vaccine,2226
covid19 pandemic,2136
get vaccinated,2088
india covid,1998
new cases,1985
appointments available,1871
secara online,1813
19 crisis,1753
new covid,1738
urungkanniatmudikpandemi belum,1721
public health,1719
vaccination appointments,1696
coronavirus pandemic,1655
coronavirus vaccine,1649
da covid,1645
covid19 cases,1624
