gram,counts
covid 19,122506
19 vaccine,10989
cegah covid,4299
polri cegah,4265
19 pandemic,4146
disiplinpatuhiprokesbersama polri,3898
19 vaccines,3497
protokol kesehatan,3059
19 cases,2925
menjaga jarak,2908
penyebaran covid,2891
disiplin protokol,2856
covid19 vaccine,2777
19 vaccination,2535
19 di,2301
vacunación covid,2151
coronavirus covid19,2114
coronavirus pandemic,2104
19 disiplinpatuhiprokesbersama,2019
covid19 coronavirus,1968
bisa mencegah,1914
jarak bisa,1911
terjangkit covid,1893
vacuna covid,1852
new covid,1815
new cases,1806
coronavirus vaccine,1763
untuk mencegah,1762
vaksin covid,1664
