gram,counts
covid 19,109841
19 vaccine,10878
19 pandemic,3599
19 vaccines,3385
19 cases,2930
covid19 vaccine,2385
coronavirus vaccine,2082
19 vaccination,1934
polri cegah,1892
menjaga jarak,1882
new covid,1881
covid19 coronavirus,1868
coronavirus covid19,1868
coronavirus pandemic,1861
cegah covid,1835
new cases,1808
rterdogan drfahrettinkoca,1778
vacuna covid,1776
disiplinpatuhiprokesbersama polri,1727
protokol kesehatan,1596
public health,1487
penyebaran covid,1461
nuevos casos,1392
covid19 pandemic,1386
vacunación covid,1380
vacunas covid,1362
get covid,1354
coronavirus cases,1278
19 di,1233
