gram,counts
covid 19,76775
19 vaccine,5075
19 cases,3539
medidas bioseguridad,2550
batalla covid19,2495
ganarle batalla,2452
esencial ganarle,2433
prevención esencial,2428
19 pandemic,2040
protejamos familia,2038
prevenireselantídoto prevención,2003
cumplamos medidas,2000
covid19 cumplamos,1971
familia descuidemos,1952
bioseguridad protejamos,1944
cómo hacerlo,1905
sabemos cómo,1874
19 vaccination,1816
hacerlo cuidémonos,1815
descuidemos sabemos,1788
new covid,1741
coronavirus covid19,1719
04 04,1521
covid19 coronavirus,1475
coronavirus cases,1462
new cases,1431
positive covid,1423
etiqueta día,1389
casos covid,1374
