gram,counts
covid 19,155787
july23coup whatshappeninginmyanmar,46621
icj_bringsactojustice july23coup,43055
medical care,21652
whatshappeninginmyanmar july23coup,20180
icrc_savemyanmarprisoners whatshappeninginmyanmar,19665
need help,17661
19 amp,16645
international community,15686
icrc international,15197
suffering covid,13782
amp sac,13649
help us,12006
enough medical,11796
urge icrc,11782
providing enough,11780
sac providing,11774
detainees suffering,11773
lots detainees,11766
us icrc_savemyanmarprisoners,11762
care urge,11752
icj_bringsactojustice whatshappeninginmyanmar,11211
july23coup icj_bringsactojustice,10272
uses covid,9716
help covid,9648
community help,9578
covid weapons,9305
weapons icj_bringsactojustice,8577
help icrc,7946
