gram,counts
covid 19,79512
19 vaccine,9331
johnson amp,3562
amp johnson,3544
19 vaccines,2554
19 cases,2410
19 pandemic,2331
coronavirus vaccine,2188
covid19 vaccine,2180
first dose,1691
19 vaccination,1673
coronavirus covid19,1672
new cases,1638
covid19 coronavirus,1609
new covid,1469
covid19 pandemic,1401
dose covid,1338
coronavirus pandemic,1215
19 relief,1109
johnson covid,1061
nuevos casos,1055
coronavirus cases,1021
casos covid,954
โคว ด19,946
feb 21,908
new york,879
sars cov,820
last year,798
emergency use,782
