gram,counts
covid 19,87502
19 vaccine,5263
19 vaccination,3399
19 pandemic,2969
19 cases,2421
19 virus,2376
2021 06,2269
whatshappeninginmyanmar june16coup,2156
june16coup unfetteredaccessforaids,2047
suffering covid,2041
06 2021,2031
people suffering,2012
myanmar people,1998
min aung,1995
aung hlaing,1995
cruel min,1989
hlaing virus,1989
virus cruel,1987
virus whatshappeninginmyanmar,1985
16 06,1929
19 vaccines,1925
covid19 vaccine,1923
19 di,1797
appointments available,1755
vaccination appointments,1689
available cvs,1664
cvs near,1658
chris paul,1612
sign 2021,1611
