gram,counts
covid 19,161229
19 vaccine,13644
vaksin covid,8971
bebas covid,7456
vaksinasi covid,6714
wajib bebas,5020
19 pandemic,4283
orang pertama,4123
pertama yang,4033
19 cases,3929
polisi_jatim divhumas_polri,3589
19 vaccines,3387
covid19 vaccine,3249
covid19 coronavirus,2850
program vaksinasi,2802
covid 19indonesia,2793
19indonesia wajib,2793
coronavirus covid19,2745
new covid,2672
jadi orang,2650
presiden ri,2602
covid dukungsehatkanbangsa,2567
disuntuk vaksin,2561
yang disuntuk,2558
kita vaksin,2506
ri jadi,2494
covid ayo,2467
coronavirus vaccine,2421
19 vaccination,2346
