gram,counts
covid 19,73394
19 vaccine,4202
19 cases,2814
19 pandemic,2453
19 vaccination,2169
2021 05,1954
covid19 coronavirus,1899
05 2021,1857
covid19 pandemic,1576
new covid,1524
19 vaccines,1515
coronavirus covid19,1513
covid19 vaccine,1484
new cases,1414
covidindia vaccination,1272
fee free,1270
05 09,1220
appointments available,1213
vaccination appointments,1187
cvs near,1163
available cvs,1162
coronavirus pandemic,1161
sign 2021,1161
19 deaths,1028
covid19 covid19vaccine,1021
mother day,997
10 000,988
vaccine appointment,982
19 variant,970
