gram,counts
covid 19,73432
19 vaccine,4507
19 vaccination,3045
whatshappeninginmyanmar may30coup,2949
19 cases,2673
19 pandemic,2234
2021 05,2133
appointments available,1902
available cvs,1773
coronavirus covid19,1765
vaccination appointments,1747
cvs near,1737
sign 2021,1736
19 vaccines,1695
covid19 coronavirus,1633
05 29,1613
may30coup junta,1567
covid19 vaccine,1443
new covid,1433
new cases,1384
future lost,1290
destroyed future,1289
junta destroyed,1288
covid19 venezuela,1285
combate covid19,1271
vietnam detects,1224
pa sign,1177
jornada vacunación,1163
nuevos casos,1132
