gram,counts
covid 19,86772
19 vaccine,5624
stay safe,3261
may8coup whatshappeninginmyanmar,2746
19 vaccination,2739
19 cases,2738
whatshappeninginmyanmar wesupportnug,2679
19 protective,2677
protective equipments,2672
public markets,2672
civilians helping,2671
donated covid,2671
coup youths,2670
markets stay,2669
safe crisis,2669
equipments public,2667
helping coup,2666
wynemaw donated,2664
photographs civilians,2663
crisis may8coup,2663
youths wynemaw,2662
19 pandemic,2430
19 vaccines,2355
coronavirus covid19,2037
2021 05,1959
covid19 coronavirus,1916
05 2021,1814
05 08,1524
new cases,1482
