gram,counts
covid 19,116011
19 vaccine,10529
19 pandemic,4640
pelayanan publik,3246
19 vaccines,3209
pemulihan ekonomi,3025
ekonomi nasional,2836
19 cases,2820
dan pemulihan,2518
covid19 vaccine,2462
19 dan,2447
paripurna covid,2157
coronavirus vaccine,2145
covid19 coronavirus,2127
coronavirus pandemic,2125
tahun 2021,2049
19 vaccination,2036
new cases,1982
coronavirus covid19,1960
transformasi pelayanan,1827
new covid,1810
vacuna covid,1697
vacunas covid,1658
coronavirus cases,1583
vacunación covid,1581
covid19 pandemic,1506
new coronavirus,1457
nuevos casos,1385
indonesia maju,1383
