gram,counts
covid 19,96236
19 vaccine,8120
19 vaccination,2611
19 vaccines,2554
19 cases,2550
19 pandemic,2484
coronavirus vaccine,2081
coronavirus covid19,1898
new covid,1771
covid19 coronavirus,1683
new cases,1645
coronavirus pandemic,1642
covid19 vaccine,1630
nuevos casos,1300
vaccination site,1300
get covid,1180
casos covid,1137
public health,1112
covid19 pandemic,1083
dodger stadium,1077
positive covid,1074
new york,1044
new coronavirus,1035
sars cov,1031
jan 21,1009
johnson amp,1001
amp johnson,989
due covid,970
coronavirus cases,960
