gram,counts
covid 19,88610
free prisoners,22091
icrc_savemyanmarprisoners whatshappeninginmyanmar,16398
july24coup icrc_savemyanmarprisoners,16007
prisoners july24coup,15756
uses covid,12221
covid weapons,12163
junta uses,12162
weapons myanmarcovidsos,10341
myanmarcovidsos stoparrestingdoctors,10315
stoparrestingdoctors sacwantscoviduncontrollable,10303
july24coup whatshappeninginmyanmar,10282
07 2021,7240
whatshappeninginmyanmar july24coup,6671
whatshappeninginmyanmar icrc_savemyanmarprisoners,4072
19 cases,4050
19 vaccine,3919
insein prison,3625
prisoners icrc_savemyanmarprisoners,3453
need help,3432
pin code,3384
age limit,3384
2021 vaccine,3380
cowin covid19,3380
min age,3378
dose1 capacity,3378
dose2 capacity,3378
dates available,3378
vaccine vaccinepune,3378
