gram,counts
covid 19,119179
myanmarisprayingforindia myanmarstandswithindia,20675
19 vaccine,8530
second wave,4336
19 cases,4072
19 india,3842
19 pandemic,3829
wave covid,3823
speedy recovery,3462
wave covid19,3354
may god,3328
india world,3284
us pandemic,3264
world may,3259
god mercy,3257
prayers speedy,3250
dangerous wave,3249
rid us,3248
recovery go,3247
suffering dangerous,3244
mohfw_india myanmarisprayingforindia,3243
go suffering,3242
mercy humanity,3242
humanity rid,3242
pandemic mohfw_india,3242
worst coronavirus,3151
covid19 one,3150
19 vaccination,3148
coronavirus numbers,3143
