gram,counts
covid 19,97924
19 vaccine,7202
19 pandemic,4141
whatshappeninginmyanmar may19coup,3768
may19coup milkteaalliance,3674
19 vaccination,3276
19 cases,2980
19 vaccines,2867
05 2021,2255
coronavirus pandemic,2003
covid19 coronavirus,1938
coronavirus covid19,1869
new cases,1743
covid19 vaccine,1699
new covid,1682
covid19 pandemic,1573
vaccine appointment,1565
2021 05,1557
covid19 covid19vaccine,1529
age 18,1501
available age,1477
19 05,1474
appointment available,1469
2021 fee,1468
covid19vaccine covidindia,1468
covidindia vaccination,1468
vaccination cowinnotifier,1468
fee free,1414
last year,1379
