gram,counts
covid 19,130452
19 vaccine,10948
19 vaccines,4468
19 pandemic,3882
19 cases,3303
covid19 vaccine,2726
covid19 coronavirus,2682
19 vaccination,2602
coronavirus pandemic,2269
coronavirus covid19,2255
19 relief,2215
coronavirus vaccine,2214
new covid,2136
new cases,2079
south africa,1934
covid19 pandemic,1797
south african,1604
public health,1594
nuevos casos,1461
casos covid,1414
due covid,1278
vaccine doses,1233
19 testing,1225
vaksin covid,1223
positive covid,1222
coronavirus cases,1202
new coronavirus,1182
19 test,1179
vacuna covid,1129
