gram,counts
covid 19,115665
protokol kesehatan,8667
19 vaccine,8666
keluarga kamu,8435
kampung halaman,4266
lebarantundamudikjaga protokol,3931
terjangkit covid,3874
tidak mudik,3766
pandemi covid,3763
19 cases,3668
di kampung,3654
19 pandemic,3475
mudik maka,3358
19 akan,3260
akan semakin,3258
halaman untuk,3253
semakin minim,3253
maka kemungkinan,3252
kemungkinan keluarga,3252
untuk terjangkit,3214
kamu di,3211
sobat polri,3165
jaga protokol,3155
demi kebaikan,3059
rindunya demi,3047
yuk ditahan,3046
ditahan rindunya,3046
kebaikan keluarga,3046
kamu juga,3045
