gram,counts
covid 19,119425
19 vaccine,15110
johnson amp,12892
amp johnson,12782
johnson covid,6093
blood clots,4649
19 cases,4263
19 pandemic,3922
blood clot,3308
19 vaccines,3285
covid19 vaccine,2926
use johnson,2775
coronavirus covid19,2745
19 vaccination,2714
covid19 coronavirus,2462
pause use,2387
coronavirus vaccine,1990
amp vaccine,1929
new covid,1870
johnson vaccine,1853
cdc fda,1749
vacuna covid,1740
new cases,1725
coronavirus pandemic,1693
da covid,1680
pause johnson,1625
casos covid,1567
sergio ramos,1498
nuevos casos,1481
