gram,counts
covid 19,95912
19 vaccine,9085
19 pandemic,3944
19 cases,3617
fully vaccinated,2785
19 vaccination,2775
19 vaccines,2329
covid19 vaccine,2219
coronavirus covid19,2037
tigraygenocide davidmalpasswbg,2007
covid19 coronavirus,1730
new cases,1700
vaccinated people,1626
new covid,1576
coronavirus pandemic,1360
coronavirus cases,1331
positive covid,1312
pandemic continues,1306
health social,1306
casos covid,1299
amp economic,1282
social amp,1279
economic challenges,1279
create significant,1276
significant health,1276
ethiopia said,1276
said sonalijc,1276
abiyahmedali warontigray,1276
role funding,1276
