gram,counts
covid 19,79666
19 vaccine,6138
super bowl,2939
19 cases,2319
19 pandemic,2201
19 vaccines,2033
south africa,1869
new cases,1737
new covid,1571
coronavirus pandemic,1562
covid19 coronavirus,1519
coronavirus vaccine,1430
covid19 vaccine,1400
coronavirus covid19,1381
19 vaccination,1264
coronavirus variant,1117
nuevos casos,1111
coronavirus cases,1048
19 di,1001
united states,950
spreading rapidly,937
casos covid,913
covid19 pandemic,881
protokol kesehatan,878
coronavirus covid,878
astrazeneca vaccine,848
due covid,775
public health,766
vacunas covid,755
