gram,counts
covid 19,114490
19 vaccine,10903
19 vaccination,5125
vaccination drive,4322
19 vaccines,3769
19 cases,2864
covid19 vaccine,2700
19 pandemic,2543
covid19 coronavirus,2521
coronavirus vaccine,2250
coronavirus covid19,2057
new covid,1878
new cases,1875
ice cream,1835
positive covid,1809
community transmission,1786
covid19 vaccination,1747
massive community,1738
coronavirus pandemic,1692
people died,1598
nuevos casos,1501
coronavirus cases,1462
pfizer covid,1430
tratamento precoce,1419
casos covid,1391
world largest,1385
stay safe,1238
death toll,1212
24 horas,1208
