gram,counts
covid 19,81355
may 2021,6161
due covid,6031
19 restrictions,5630
united nations,5303
bangkok thailand,5298
military coup,5297
myanmar protest,5291
protest leader,5291
thailand may,5289
leader suraj,5289
suraj due,5288
nations office,5288
2021 reuters,5286
office protest,5285
protest military,5285
coup bangkok,5285
detains myanmar,5284
restrictions arrives,5283
arrives united,5283
reuters soe,5282
soe zeya,5282
zeya tun,5282
police detains,5266
tun whatshappeninginmyanmar,5253
may2coup whatshappeninginmyanmar,4245
global spring,4141
spring revolution,4140
19 vaccine,4109
