gram,counts
covid 19,121700
uses covid,35040
covid weapons,34833
junta uses,34508
july21coup whatshappeninginmyanmar,19803
weapons july21coup,17164
weapons myanmarcovidsos,10859
07 2021,8519
whatshappeninginmyanmar july21coup,7466
weapons whatshappeninginmyanmar,6616
myanmarcovidsos stoparrestingdoctors,6412
stoparrestingdoctors sacwantscoviduncontrollable,6301
19 patients,6217
19 vaccine,5762
19 cases,5150
junta terrorists,4137
delta variant,3951
19 di,3634
pin code,3454
2021 vaccine,3452
age limit,3448
cowin covid19,3446
covid19 pune,3446
min age,3445
dose1 capacity,3445
dose2 capacity,3445
dates available,3445
vaccine vaccinepune,3445
vaccinepune cowin,3445
