gram,counts
covid 19,148670
19 vaccine,12730
19 pandemic,4485
19 vaccines,3851
19 cases,3631
100 000,3513
covid19 vaccine,3146
covid19 coronavirus,2967
coronavirus pandemic,2771
new covid,2570
coronavirus vaccine,2403
19 vaccination,2380
coronavirus covid19,2303
new cases,2138
boris johnson,1927
covid19 pandemic,1923
vaksin covid,1898
casos covid,1709
positive covid,1704
public health,1655
get covid,1616
coronavirus cases,1603
nuevos casos,1587
due covid,1553
vacuna covid,1443
19 deaths,1436
bill gates,1351
anales detectar,1306
24 horas,1303
