gram,counts
covid 19,90328
19 vaccine,6284
19 pandemic,3229
19 vaccination,3068
19 vaccines,2859
19 cases,2695
19 virus,2589
covid19 vaccine,2545
2021 06,2196
penyebaran pandemi,2181
military coup,2020
virus fight,2018
need effective,2018
effective actions,2018
actions world,2018
world late,2018
different massively,2017
keep committing,2017
committing crimesagainsthumanity,2017
coup different,2016
massively killed,2015
crimesagainsthumanity everyday,2015
fight military,2014
killed keep,2014
everyday need,2014
late lesstalkmoreactionsasean,2008
whatshappeninginmyanmar june3coup,1976
protokol kesehatan,1958
june3coup lesstalkmoreactionsasean,1932
