gram,counts
covid 19,118543
19 vaccine,9740
19 vaccines,5139
19 pandemic,4169
19 vaccination,3633
19 cases,3607
jangan berkerumun,3300
patuhtidakmudikliburan jangan,3165
penyebaran covid,2706
patentes vacunas,2266
coronavirus covid19,2202
covid19 coronavirus,2126
covid19 vaccine,2094
2021 05,2044
new cases,2032
vacunas covid,1825
jangan mudik,1822
covid19 pandemic,1776
mudik dulu,1743
new covid,1742
tested positive,1680
19 masih,1639
appointments available,1615
get vaccinated,1585
due covid,1569
vaccination appointments,1540
05 06,1517
19 di,1497
cvs near,1495
