gram,counts
covid 19,100348
july7coup whatshappeninginmyanmar,8953
07 2021,7240
stoptorture july7coup,5227
19 cases,4944
dreadfulcovidamidmilitarycoup whatshappeninginmyanmar,4472
19 vaccine,4152
delta variant,3444
pin code,3408
2021 vaccine,3402
age limit,3401
cowin covid19,3399
min age,3397
dose1 capacity,3397
dose2 capacity,3397
dates available,3397
vaccine vaccinepune,3397
vaccinepune cowin,3397
covid19 pune,3397
000 kyats,3032
people died,2985
19 pandemic,2947
covishield min,2912
salah satu,2885
july7coup stoptorture,2863
08 07,2861
07 07,2675
oxygen cylinders,2670
42 people,2665
