gram,counts
covid 19,117128
19 vaccine,10496
19 pandemic,4160
12 15,3877
19 cases,3621
19 vaccination,3156
19 vaccines,3088
hindari kerumunan,2955
covid19 coronavirus,2899
penyebaran covid,2696
covid19 vaccine,2454
coronavirus covid19,2360
2021 05,2353
pfizer covid,2338
get well,2275
well soon,2274
pfizer biontech,2017
protokol kesehatan,1968
kerumunan lebaranpatuhiprokes,1955
pandemi covid,1918
19 patients,1907
एक तक,1884
new covid,1767
new cases,1748
tetap prokes,1715
may 10,1687
coronavirus vaccine,1567
covid19 pandemic,1536
nuevos casos,1419
