gram,counts
covid 19,136058
19 vaccine,10276
19 pandemic,4004
joe biden,3421
400 000,3368
19 cases,3096
19 vaccines,3020
coronavirus pandemic,2664
vacuna covid,2512
covid19 vaccine,2463
new covid,2437
covid19 coronavirus,2322
new cases,2275
coronavirus covid19,2204
people died,2143
vacunas covid,2026
19 vaccination,1985
casos covid,1831
president biden,1810
19 deaths,1802
nuevos casos,1800
covid19 pandemic,1674
coronavirus vaccine,1632
death toll,1445
public health,1443
24 horas,1420
positive covid,1391
due covid,1373
19 em,1355
