gram,counts
covid 19,106467
july8coup whatshappeninginmyanmar,8659
07 2021,7623
19 vaccine,7530
stoptorture july8coup,5250
delta variant,4418
july8coup dreadfulcovidamidmilitarycoup,3714
19 cases,3655
age limit,3376
2021 vaccine,3376
cowin covid19,3376
pin code,3375
min age,3375
dose1 capacity,3375
dose2 capacity,3375
dates available,3375
vaccine vaccinepune,3375
vaccinepune cowin,3375
covid19 pune,3375
whatshappeninginmyanmar july8coup,2889
19 pandemic,2849
covishield min,2833
limit 18,2737
08 07,2730
09 07,2716
covid19 cases,2550
state emergency,2469
whatshappeninginmyanmar dreadfulcovidamidmilitarycoup,2386
19 vaccines,2314
