gram,counts
covid 19,116232
19 vaccine,8940
19 cases,4077
19 vaccination,3941
19 pandemic,3599
19 vaccines,2839
covid19 coronavirus,2490
2021 04,2382
coronavirus covid19,2337
appointments available,2223
covid19 vaccine,2109
04 21,2093
new cases,2038
vaccination appointments,1936
sign 2021,1868
new covid,1823
pa sign,1784
ऑक जन,1772
19 patients,1716
due covid,1685
cvs near,1629
available cvs,1626
covid19 pandemic,1595
nuevos casos,1505
covid19 cases,1499
positive covid,1485
limengyan covid19,1474
郭文贵 班农,1418
covid19 yanlimeng,1369
