gram,counts
covid 19,77161
19 vaccine,5957
19 pandemic,2349
19 cases,2296
feb 21,1715
19 vaccines,1560
new cases,1545
new covid,1520
coronavirus covid19,1474
covid19 vaccine,1326
covid19 coronavirus,1323
rterdogan drfahrettinkoca,1195
19 patients,1194
coronavirus pandemic,1192
drfahrettinkoca covid19dafizyoterapistşart,1176
19 vaccination,1135
nuevos casos,1103
coronavirus vaccine,1075
new york,1044
coronavirus cases,933
casos covid,912
tam anlamıyla,866
vacuna covid,845
patients learning,832
24 horas,791
learning difficulties,771
covid19 pandemic,769
13 febrero,766
19 deaths,764
