gram,counts
covid 19,120214
19 vaccine,8791
19 vaccines,5122
protokol kesehatan,4303
19 pandemic,4260
liburanhindarikerumunanvirtual lebaran,4196
whatshappeninginmyanmar may5coup,4009
virus covid,3938
lebaran asyik,3901
may5coup crimesagainsthumanity,3820
stop killing,3815
civilians whatshappeninginmyanmar,3807
killing civilians,3786
19 vaccination,3593
19 cases,3567
19 masih,3410
masih ada,3336
masih mengintai,3311
kesehatan dan,3257
karena pandemi,3227
dan virus,3221
disiplin protokol,3177
lengah karena,3168
pandemi masih,3162
ada dan,3158
dan lengah,3104
abai dan,3103
dan terapkan,3045
terapkan 5m,2997
