gram,counts
covid 19,116737
19 vaccine,11622
19 pandemic,4200
19 cases,3313
19 vaccines,2806
da covid,2581
coronavirus covid19,2445
covid19 vaccine,2425
19 vaccination,2321
covid19 coronavirus,2172
astrazeneca covid,2021
coronavirus vaccine,1918
new cases,1870
new covid,1729
coronavirus pandemic,1708
covid19 pandemic,1688
casos covid,1533
major olímpio,1432
senador major,1343
18 marzo,1314
public health,1247
nuevos casos,1236
last year,1222
covid19 cases,1159
coronavirus cases,1127
astrazeneca vaccine,1094
vacuna covid,1079
covid19 brasil,1076
delle vittime,1066
