gram,counts
covid 19,93594
19 vaccine,6280
19 cases,3380
coronavirus covid19,2268
new covid,2153
19 vaccines,2113
new cases,2002
covid19 coronavirus,1896
19 pandemic,1843
nueva cepa,1726
19 vaccination,1675
may exposed,1494
covid19 vaccine,1492
new coronavirus,1485
coronavirus cases,1467
alfonso cepeda,1447
casos covid,1441
coronavirus vaccine,1436
mtro alfonso,1417
nuevos casos,1414
positive covid,1403
coronavirus pandemic,1283
vaksin covid,1280
etiqueta día,1214
24 horas,1126
tested positive,1111
cepeda salas,1102
lawmakers may,1043
due covid,1020
