gram,counts
covid 19,63840
19 vaccine,3866
suspend_dm_baran suspend_dm_baran,3130
05 2021,3029
19 vaccination,2838
covidindia vaccination,2485
fee free,2408
age 18,2326
covid19 covid19vaccine,2296
vaccine appointment,2228
2021 05,2202
appointment available,2196
2021 fee,2184
covid19vaccine covidindia,2184
vaccination cowinnotifier,2184
available age,2148
fizik tedavi,2148
19 cases,2101
appointments available,1941
19 pandemic,1904
vaccination appointments,1886
cvs near,1882
available cvs,1833
sign 2021,1832
अध covid,1775
अध रप,1768
suspend_dm_baran ashokgehlot51,1767
covid19 coronavirus,1761
05 16,1542
