gram,counts
covid 19,99180
19 vaccine,7016
19 pandemic,3682
05 2021,3350
19 vaccination,2729
19 cases,2673
covidindia vaccination,2629
covid19 coronavirus,2582
fee free,2532
covid19 covid19vaccine,2529
vaccine appointment,2497
19 vaccines,2414
age 18,2383
appointment available,2342
2021 fee,2325
covid19vaccine covidindia,2325
vaccination cowinnotifier,2325
available age,2294
covid19 vaccine,2159
coronavirus covid19,2052
18 05,1692
new cases,1659
covid19 pandemic,1511
new covid,1493
past days,1455
nuevos casos,1431
due covid,1425
coronavirus still,1378
days ve,1352
