gram,counts
covid 19,116799
19 vaccine,9775
500 000,4792
19 pandemic,4179
19 vaccines,3419
19 cases,2813
covid19 vaccine,2468
19 vaccination,2213
covid19 pandemic,2183
coronavirus covid19,1912
covid19 coronavirus,1911
new cases,1883
new covid,1839
coronavirus pandemic,1814
19 deaths,1642
vacunas covid,1406
vacunación covid,1368
nuevos casos,1367
public health,1367
coronavirus vaccine,1362
death toll,1302
casos covid,1233
fi zyoterapi,1210
vacuna covid,1208
sars cov,1206
coronavirus cases,1189
new york,1165
vaksinasi covid,1078
19 relief,1076
