gram,counts
covid 19,82171
19 vaccine,7151
covid19 pandemic,3341
19 vaccines,2883
19 pandemic,2816
virus covid19,2700
belum berakhir,2580
home covid19,2556
19 cases,2552
rapidly changing,2535
covid19 rapidly,2533
changing revolving,2533
new environment,2533
uphill task,2533
task for,2533
employees delightfor,2533
pandemic employees,2531
revolving new,2529
environment makes,2529
makes innovation,2529
innovation vaccine,2529
vaccine uphill,2529
for home,2529
varian baru,1890
tetapdisiplin5mcovid belum,1674
19 relief,1591
new cases,1531
coronavirus covid19,1456
pandemi covid,1452
