gram,counts
covid 19,58284
19 vaccine,3351
june6coup whatshappeninginmyanmar,2698
19 vaccination,2673
rejectcouprejectasean june6coup,2665
06 06,2157
19 cases,2129
2021 06,1907
appointments available,1853
19 pandemic,1806
available cvs,1620
vaccination appointments,1618
cvs near,1611
sign 2021,1568
covid19 coronavirus,1363
new cases,1318
19 di,1284
19 vaccines,1235
coronavirus covid19,1202
covid19 vaccine,1180
new covid,1166
pa sign,982
06 2021,921
coronavirus pandemic,900
nuevos casos,888
dr fauci,861
casos covid,775
vaccine doses,750
death toll,717
