gram,counts
covid 19,124096
july27coup whatshappeninginmyanmar,24293
accessed sac,17146
datas accessed,17133
telenor datas,15720
sac july27coup,14115
07 2021,8682
19 vaccine,6070
19 cases,5719
myanmarcovidsos july27coup,3969
pin code,3787
2021 vaccine,3782
age limit,3778
cowin covid19,3778
covid19 pune,3778
min age,3777
dose1 capacity,3777
dose2 capacity,3777
dates available,3777
vaccine vaccinepune,3777
vaccinepune cowin,3777
delta variant,3629
uses covid,3257
covishield min,3255
junta uses,3250
18 dose1,3244
covid weapons,3242
28 07,3237
limit 18,3171
