gram,counts
covid 19,108917
19 vaccine,7094
peguei covid,2780
lópez obrador,2777
19 cases,2740
19 pandemic,2608
funciona sim,2584
new covid,2277
positivo covid,2074
positive covid,1995
19 vaccines,1991
não desenvolvi,1980
covid19 coronavirus,1978
desenvolvi nenhum,1959
19 não,1947
nenhum sintoma,1865
white house,1857
coronavirus covid19,1787
coronavirus pandemic,1772
south africa,1737
new cases,1656
andrés manuel,1585
sintoma funciona,1584
coronavirus cases,1540
coronavirus vaccine,1527
manuel lópez,1524
covid19 vaccine,1469
tested positive,1461
da positivo,1384
