gram,counts
covid 19,78612
19 vaccine,3738
19 vaccination,2972
copa américa,2641
19 pandemic,2554
19 cases,2544
2021 05,2006
appointments available,1807
covid19 coronavirus,1753
19 vaccines,1653
vaccination appointments,1632
available cvs,1621
cvs near,1614
sign 2021,1592
new cases,1567
coronavirus covid19,1519
05 31,1510
covid19 vaccine,1448
new covid,1417
31 05,1290
nuevos casos,1242
casos covid,1221
covid19 pandemic,1208
vacunación covid,1169
05 2021,1138
año método,1111
método combatiendo,1107
combatiendo covid19,1093
da covid,1089
