gram,counts
covid 19,134925
19 vaccine,12774
tom moore,7963
sir tom,7729
captain sir,5886
19 vaccines,4625
19 pandemic,4178
moore dies,3609
19 cases,3558
coronavirus covid19,2792
covid19 vaccine,2756
covid19 coronavirus,2710
coronavirus pandemic,2330
new cases,2202
captain tom,2189
coronavirus vaccine,2156
19 vaccination,2139
new covid,2087
rest peace,1994
covid19 pandemic,1989
19 relief,1816
positive covid,1810
dies coronavirus,1770
vacuna rusa,1693
adultos mayores,1665
vacuna covid,1638
south africa,1599
due covid,1558
public health,1540
