gram,counts
covid 19,94888
july9coup whatshappeninginmyanmar,11851
whatshappeninginmyanmar july9coup,9823
need help,6446
07 2021,6056
19 vaccine,5283
dreadfulcovidamidmilitarycoup july9coup,5141
july10coup whatshappeninginmyanmar,5053
19 july10coup,4741
help covid,4712
milkteaalliance whatshappeninginmyanmar,3709
delta variant,3462
19 cases,3123
age limit,2904
covid19 pune,2886
pin code,2885
2021 vaccine,2885
dates available,2884
min age,2883
dose1 capacity,2883
dose2 capacity,2883
vaccine vaccinepune,2883
vaccinepune cowin,2883
cowin covid19,2883
10 07,2728
09 07,2587
dreadfulcovidamidmilitarycoup whatshappeninginmyanmar,2584
19 pandemic,2557
covishield min,2496
